branch	path	size	target_hits	stage_hits	priority_path
tmp-se-yt-dlp-result-20260824	tmp-se-yt-dlp/all-videos.json	219985	1152	192	False
tmp-se-save-result-20260824	tmp-se-youtube-search/youtube-results.json	73189	396	86	True
tmp-se-redmew-rerun-result-20260824	tmp-se-redmew-rerun/progression.json	29781	67	67	True
tmp-se-redmew-rerun-result-20260824	tmp-se-redmew-rerun/rcon-raw.txt	19552	67	67	False
tmp-se-youtube-alt-20260824	.github/workflows/tmp-se-youtube-alt.yml	18395	44	16	False
tmp-se-youtube-alt-result-20260824	.github/workflows/tmp-se-youtube-alt.yml	18395	44	16	False
tmp-se-youtube-alt2-20260824	.github/workflows/tmp-se-youtube-alt.yml	18395	44	16	False
tmp-se-candidate-header-result-20260824	.github/workflows/tmp-se-redmew-inspect.yml	16950	40	14	False
tmp-se-drive-result-20260824	.github/workflows/tmp-se-redmew-inspect.yml	16950	40	14	False
tmp-se-headless-final-result-20260824	.github/workflows/tmp-se-redmew-inspect.yml	16950	40	14	False
tmp-se-headless-mirror-result-20260824	.github/workflows/tmp-se-redmew-inspect.yml	16950	40	14	False
tmp-se-history-result-20260824	.github/workflows/tmp-se-redmew-inspect.yml	16950	40	14	False
tmp-se-redmew-rerun-result-20260824	.github/workflows/tmp-se-redmew-inspect.yml	16950	40	14	False
tmp-se-redmew-result-20260824	.github/workflows/tmp-se-save-fetch.yml	16950	40	14	False
tmp-se-redmew-workflow-copy	.github/workflows/tmp-se-save-fetch.yml	16950	40	14	False
tmp-se-repo-scan-result-20260824	.github/workflows/tmp-se-redmew-inspect.yml	16950	40	14	False
tmp-se-save-fetch-20260824	.github/workflows/tmp-se-save-fetch.yml	16950	40	14	False
tmp-se-save-result-20260824	.github/workflows/tmp-se-redmew-inspect.yml	16950	40	14	False
tmp-se-script-decode-result-20260824	.github/workflows/tmp-se-redmew-inspect.yml	16950	40	14	False
tmp-se-speedrun-result-20260824	.github/workflows/tmp-se-redmew-inspect.yml	16950	40	14	False
tmp-se-video-api-result-20260824	.github/workflows/tmp-se-redmew-inspect.yml	16950	40	14	False
tmp-se-candidate-header-result-20260824	.github/workflows/tmp-se-drive-scan.yml	20684	36	14	False
tmp-se-drive-result-20260824	.github/workflows/tmp-se-drive-scan.yml	20684	36	14	False
tmp-se-headless-final-result-20260824	.github/workflows/tmp-se-drive-scan.yml	20684	36	14	False
tmp-se-headless-mirror-result-20260824	.github/workflows/tmp-se-drive-scan.yml	20684	36	14	False
tmp-se-history-result-20260824	.github/workflows/tmp-se-drive-scan.yml	20684	36	14	False
tmp-se-redmew-rerun-result-20260824	.github/workflows/tmp-se-drive-scan.yml	20684	36	14	False
tmp-se-redmew-trigger	.github/workflows/tmp-se-drive-scan.yml	20684	36	14	False
tmp-se-redmew-workflow-mainbase	.github/workflows/tmp-se-drive-scan.yml	20684	36	14	False
tmp-se-repo-scan-result-20260824	.github/workflows/tmp-se-drive-scan.yml	20684	36	14	False
tmp-se-save-result-20260824	.github/workflows/tmp-se-drive-scan.yml	20684	36	14	False
tmp-se-script-decode-result-20260824	.github/workflows/tmp-se-drive-scan.yml	20684	36	14	False
tmp-se-speedrun-result-20260824	.github/workflows/tmp-se-drive-scan.yml	20684	36	14	False
tmp-se-video-api-result-20260824	.github/workflows/tmp-se-drive-scan.yml	20684	36	14	False
tmp-se-redmew-retry-20260824	.github/workflows/tmp-se-redmew-retry.yml	22445	40	13	False
tmp-se-redmew-retry-result-20260824	.github/workflows/tmp-se-redmew-retry.yml	22445	40	13	False
tmp-se-candidate-header-result-20260824	.github/workflows/tmp-se-headless-mirror.yml	15160	30	10	False
tmp-se-drive-result-20260824	.github/workflows/tmp-se-headless-mirror.yml	15160	30	10	False
tmp-se-headless-final-result-20260824	.github/workflows/tmp-se-headless-mirror.yml	15160	30	10	False
tmp-se-headless-mirror-result-20260824	.github/workflows/tmp-se-headless-mirror.yml	15160	30	10	False
tmp-se-history-result-20260824	.github/workflows/tmp-se-headless-mirror.yml	15160	30	10	False
tmp-se-redmew-rerun-result-20260824	.github/workflows/tmp-se-headless-mirror.yml	15160	30	10	False
tmp-se-redmew-trigger	.github/workflows/tmp-se-headless-mirror.yml	15160	30	10	False
tmp-se-redmew-workflow-mainbase	.github/workflows/tmp-se-headless-mirror.yml	15160	30	10	False
tmp-se-repo-scan-result-20260824	.github/workflows/tmp-se-headless-mirror.yml	15160	30	10	False
tmp-se-save-result-20260824	.github/workflows/tmp-se-headless-mirror.yml	15160	30	10	False
tmp-se-script-decode-result-20260824	.github/workflows/tmp-se-headless-mirror.yml	15160	30	10	False
tmp-se-speedrun-result-20260824	.github/workflows/tmp-se-headless-mirror.yml	15160	30	10	False
tmp-se-video-api-result-20260824	.github/workflows/tmp-se-headless-mirror.yml	15160	30	10	False
tmp-se-candidate-header-result-20260824	.github/workflows/tmp-se-redmew-rerun.yml	10485	46	9	False
tmp-se-drive-result-20260824	.github/workflows/tmp-se-redmew-rerun.yml	10485	46	9	False
tmp-se-headless-final-result-20260824	.github/workflows/tmp-se-redmew-rerun.yml	10485	46	9	False
tmp-se-headless-mirror-result-20260824	.github/workflows/tmp-se-redmew-rerun.yml	10485	46	9	False
tmp-se-history-result-20260824	.github/workflows/tmp-se-redmew-rerun.yml	10485	46	9	False
tmp-se-redmew-rerun-result-20260824	.github/workflows/tmp-se-redmew-rerun.yml	10485	46	9	False
tmp-se-repo-scan-result-20260824	.github/workflows/tmp-se-redmew-rerun.yml	10485	46	9	False
tmp-se-save-result-20260824	.github/workflows/tmp-se-redmew-rerun.yml	10485	46	9	False
tmp-se-script-decode-result-20260824	.github/workflows/tmp-se-redmew-rerun.yml	10485	46	9	False
tmp-se-speedrun-result-20260824	.github/workflows/tmp-se-redmew-rerun.yml	10485	46	9	False
tmp-se-video-api-result-20260824	.github/workflows/tmp-se-redmew-rerun.yml	10485	46	9	False
tmp-se-video-api-result-20260824	tmp-se-video-api-search/errors.json	3693	27	9	True
tmp-se-parser-fetch-result-20260825	.github/workflows/tmp-se-parser-fetch-20260825.yml	8556	13	9	False
tmp-se-candidate-header-result-20260824	.github/workflows/tmp-se-headless-final.yml	12052	26	7	False
tmp-se-drive-result-20260824	.github/workflows/tmp-se-headless-final.yml	12052	26	7	False
tmp-se-headless-final-result-20260824	.github/workflows/tmp-se-headless-final.yml	12052	26	7	False
tmp-se-headless-mirror-result-20260824	.github/workflows/tmp-se-headless-final.yml	12052	26	7	False
tmp-se-history-result-20260824	.github/workflows/tmp-se-headless-final.yml	12052	26	7	False
tmp-se-redmew-rerun-result-20260824	.github/workflows/tmp-se-headless-final.yml	12052	26	7	False
tmp-se-redmew-trigger	.github/workflows/tmp-se-headless-final.yml	12052	26	7	False
tmp-se-redmew-workflow-mainbase	.github/workflows/tmp-se-headless-final.yml	12052	26	7	False
tmp-se-repo-scan-result-20260824	.github/workflows/tmp-se-headless-final.yml	12052	26	7	False
tmp-se-save-result-20260824	.github/workflows/tmp-se-headless-final.yml	12052	26	7	False
tmp-se-script-decode-result-20260824	.github/workflows/tmp-se-headless-final.yml	12052	26	7	False
tmp-se-speedrun-result-20260824	.github/workflows/tmp-se-headless-final.yml	12052	26	7	False
tmp-se-video-api-result-20260824	.github/workflows/tmp-se-headless-final.yml	12052	26	7	False
tmp-se-yt-dlp-20260824	.github/workflows/tmp-se-yt-dlp.yml	8153	26	7	False
tmp-se-yt-dlp-result-20260824	.github/workflows/tmp-se-yt-dlp.yml	8153	26	7	False
tmp-se-archive-discovery-result-20260824	.github/workflows/tmp-se-youtube-deep-search.yml	5938	23	5	False
tmp-se-asterixyz-modportal-20260824	.github/workflows/tmp-se-youtube-deep-search.yml	5938	23	5	False
tmp-se-asterixyz-modportal-result-20260824	.github/workflows/tmp-se-youtube-deep-search.yml	5938	23	5	False
tmp-se-consolidate-history-20260824	.github/workflows/tmp-se-youtube-deep-search.yml	5938	23	5	False
tmp-se-current-headers-20260824	.github/workflows/tmp-se-youtube-deep-search.yml	5938	23	5	False
tmp-se-current-headers-result-20260824	.github/workflows/tmp-se-youtube-deep-search.yml	5938	23	5	False
tmp-se-current-server-result-20260825	.github/workflows/tmp-se-youtube-deep-search.yml	5938	23	5	False
tmp-se-exact-server-records-result-20260825	.github/workflows/tmp-se-youtube-deep-search.yml	5938	23	5	False
tmp-se-factoriomaps-20260824	.github/workflows/tmp-se-youtube-deep-search.yml	5938	23	5	False
tmp-se-factoriomaps-result-20260824	.github/workflows/tmp-se-youtube-deep-search.yml	5938	23	5	False
tmp-se-game-id-range-result-20260825	.github/workflows/tmp-se-youtube-deep-search.yml	5938	23	5	False
tmp-se-history-header-20260824	.github/workflows/tmp-se-youtube-deep-search.yml	5938	23	5	False
tmp-se-history-header-result-20260824	.github/workflows/tmp-se-youtube-deep-search.yml	5938	23	5	False
tmp-se-madtorio-20260824	.github/workflows/tmp-se-youtube-deep-search.yml	5938	23	5	False
tmp-se-madtorio-result-20260824	.github/workflows/tmp-se-youtube-deep-search.yml	5938	23	5	False
tmp-se-parser-fetch-20260825	.github/workflows/tmp-se-youtube-deep-search.yml	5938	23	5	False
tmp-se-parser-fetch-result-20260825	.github/workflows/tmp-se-youtube-deep-search.yml	5938	23	5	False
tmp-se-redmew-retry-20260824	.github/workflows/tmp-se-youtube-deep-search.yml	5938	23	5	False
tmp-se-redmew-retry-result-20260824	.github/workflows/tmp-se-youtube-deep-search.yml	5938	23	5	False
tmp-se-server-browser-20260824	.github/workflows/tmp-se-youtube-deep-search.yml	5938	23	5	False
tmp-se-server-browser-result-20260824	.github/workflows/tmp-se-youtube-deep-search.yml	5938	23	5	False
tmp-se-youtube-alt-20260824	.github/workflows/tmp-se-youtube-deep-search.yml	5938	23	5	False
tmp-se-youtube-alt-result-20260824	.github/workflows/tmp-se-youtube-deep-search.yml	5938	23	5	False
tmp-se-youtube-alt2-20260824	.github/workflows/tmp-se-youtube-deep-search.yml	5938	23	5	False
tmp-se-youtube-deep-result-20260824	.github/workflows/tmp-se-youtube-deep-search.yml	5938	23	5	False
tmp-se-yt-dlp-20260824	.github/workflows/tmp-se-youtube-deep-search.yml	5938	23	5	False
tmp-se-yt-dlp-result-20260824	.github/workflows/tmp-se-youtube-deep-search.yml	5938	23	5	False
tmp-se-redmew-rerun-result-20260824	tmp-se-redmew-rerun/console.txt	558	5	5	True
tmp-se-redmew-rerun-result-20260824	tmp-se-redmew-rerun/grade.json	557	5	5	False
tmp-se-candidate-header-result-20260824	.github/workflows/tmp-se-public-repo-scan.yml	13634	19	4	False
tmp-se-drive-result-20260824	.github/workflows/tmp-se-public-repo-scan.yml	13634	19	4	False
tmp-se-headless-final-result-20260824	.github/workflows/tmp-se-public-repo-scan.yml	13634	19	4	False
tmp-se-headless-mirror-result-20260824	.github/workflows/tmp-se-public-repo-scan.yml	13634	19	4	False
tmp-se-history-result-20260824	.github/workflows/tmp-se-public-repo-scan.yml	13634	19	4	False
tmp-se-redmew-rerun-result-20260824	.github/workflows/tmp-se-public-repo-scan.yml	13634	19	4	False
tmp-se-redmew-trigger	.github/workflows/tmp-se-public-repo-scan.yml	13634	19	4	False
tmp-se-redmew-workflow-mainbase	.github/workflows/tmp-se-public-repo-scan.yml	13634	19	4	False
tmp-se-repo-scan-result-20260824	.github/workflows/tmp-se-public-repo-scan.yml	13634	19	4	False
tmp-se-save-result-20260824	.github/workflows/tmp-se-public-repo-scan.yml	13634	19	4	False
tmp-se-script-decode-result-20260824	.github/workflows/tmp-se-public-repo-scan.yml	13634	19	4	False
tmp-se-speedrun-result-20260824	.github/workflows/tmp-se-public-repo-scan.yml	13634	19	4	False
tmp-se-video-api-result-20260824	.github/workflows/tmp-se-public-repo-scan.yml	13634	19	4	False
tmp-se-consolidate-history-20260824	.github/workflows/tmp-se-consolidate-history.yml	11182	16	4	False
tmp-se-current-headers-20260824	.github/workflows/tmp-se-current-headers.yml	9291	14	4	True
tmp-se-current-headers-result-20260824	.github/workflows/tmp-se-current-headers.yml	9291	14	4	True
tmp-se-candidate-header-result-20260824	.github/workflows/tmp-se-history-scan.yml	10057	11	4	False
tmp-se-drive-result-20260824	.github/workflows/tmp-se-history-scan.yml	10057	11	4	False
tmp-se-headless-final-result-20260824	.github/workflows/tmp-se-history-scan.yml	10057	11	4	False
tmp-se-headless-mirror-result-20260824	.github/workflows/tmp-se-history-scan.yml	10057	11	4	False
tmp-se-history-result-20260824	.github/workflows/tmp-se-history-scan.yml	10057	11	4	False
tmp-se-redmew-rerun-result-20260824	.github/workflows/tmp-se-history-scan.yml	10057	11	4	False
tmp-se-redmew-trigger	.github/workflows/tmp-se-history-scan.yml	10057	11	4	False
tmp-se-redmew-workflow-mainbase	.github/workflows/tmp-se-history-scan.yml	10057	11	4	False
tmp-se-repo-scan-result-20260824	.github/workflows/tmp-se-history-scan.yml	10057	11	4	False
tmp-se-save-result-20260824	.github/workflows/tmp-se-history-scan.yml	10057	11	4	False
tmp-se-script-decode-result-20260824	.github/workflows/tmp-se-history-scan.yml	10057	11	4	False
tmp-se-speedrun-result-20260824	.github/workflows/tmp-se-history-scan.yml	10057	11	4	False
tmp-se-video-api-result-20260824	.github/workflows/tmp-se-history-scan.yml	10057	11	4	False
tmp-se-candidate-header-result-20260824	.github/workflows/tmp-se-candidate-header.yml	5882	9	4	True
tmp-se-drive-result-20260824	.github/workflows/tmp-se-candidate-header.yml	5882	9	4	True
tmp-se-headless-final-result-20260824	.github/workflows/tmp-se-candidate-header.yml	5882	9	4	True
tmp-se-headless-mirror-result-20260824	.github/workflows/tmp-se-candidate-header.yml	5882	9	4	True
tmp-se-history-result-20260824	.github/workflows/tmp-se-candidate-header.yml	5882	9	4	True
tmp-se-redmew-rerun-result-20260824	.github/workflows/tmp-se-candidate-header.yml	5882	9	4	True
tmp-se-redmew-trigger	.github/workflows/tmp-se-candidate-header.yml	5882	9	4	True
tmp-se-redmew-workflow-mainbase	.github/workflows/tmp-se-candidate-header.yml	5882	9	4	True
tmp-se-repo-scan-result-20260824	.github/workflows/tmp-se-candidate-header.yml	5882	9	4	True
tmp-se-save-result-20260824	.github/workflows/tmp-se-candidate-header.yml	5882	9	4	True
tmp-se-script-decode-result-20260824	.github/workflows/tmp-se-candidate-header.yml	5882	9	4	True
tmp-se-speedrun-result-20260824	.github/workflows/tmp-se-candidate-header.yml	5882	9	4	True
tmp-se-video-api-result-20260824	.github/workflows/tmp-se-candidate-header.yml	5882	9	4	True
tmp-se-repo-scan-result-20260824	tmp-se-repo-scan/repositories.json	24524	38	3	False
tmp-se-candidate-header-result-20260824	.github/workflows/tmp-se-save-fetch.yml	6365	12	3	False
tmp-se-drive-result-20260824	.github/workflows/tmp-se-save-fetch.yml	6365	12	3	False
tmp-se-headless-final-result-20260824	.github/workflows/tmp-se-save-fetch.yml	6365	12	3	False
tmp-se-headless-mirror-result-20260824	.github/workflows/tmp-se-save-fetch.yml	6365	12	3	False
tmp-se-history-result-20260824	.github/workflows/tmp-se-save-fetch.yml	6365	12	3	False
tmp-se-redmew-rerun-result-20260824	.github/workflows/tmp-se-save-fetch.yml	6365	12	3	False
tmp-se-redmew-trigger	.github/workflows/tmp-se-save-fetch.yml	6365	12	3	False
tmp-se-redmew-workflow-mainbase	.github/workflows/tmp-se-save-fetch.yml	6365	12	3	False
tmp-se-repo-scan-result-20260824	.github/workflows/tmp-se-save-fetch.yml	6365	12	3	False
tmp-se-save-result-20260824	.github/workflows/tmp-se-save-fetch.yml	6365	12	3	False
tmp-se-script-decode-result-20260824	.github/workflows/tmp-se-save-fetch.yml	6365	12	3	False
tmp-se-speedrun-result-20260824	.github/workflows/tmp-se-save-fetch.yml	6365	12	3	False
tmp-se-video-api-result-20260824	.github/workflows/tmp-se-save-fetch.yml	6365	12	3	False
tmp-se-candidate-header-result-20260824	.github/workflows/tmp-se-video-api-search.yml	8477	10	3	False
tmp-se-drive-result-20260824	.github/workflows/tmp-se-video-api-search.yml	8477	10	3	False
tmp-se-headless-final-result-20260824	.github/workflows/tmp-se-video-api-search.yml	8477	10	3	False
tmp-se-headless-mirror-result-20260824	.github/workflows/tmp-se-video-api-search.yml	8477	10	3	False
tmp-se-history-result-20260824	.github/workflows/tmp-se-video-api-search.yml	8477	10	3	False
tmp-se-redmew-rerun-result-20260824	.github/workflows/tmp-se-video-api-search.yml	8477	10	3	False
tmp-se-redmew-trigger	.github/workflows/tmp-se-video-api-search.yml	8477	10	3	False
tmp-se-redmew-workflow-mainbase	.github/workflows/tmp-se-video-api-search.yml	8477	10	3	False
tmp-se-repo-scan-result-20260824	.github/workflows/tmp-se-video-api-search.yml	8477	10	3	False
tmp-se-save-result-20260824	.github/workflows/tmp-se-video-api-search.yml	8477	10	3	False
tmp-se-script-decode-result-20260824	.github/workflows/tmp-se-video-api-search.yml	8477	10	3	False
tmp-se-speedrun-result-20260824	.github/workflows/tmp-se-video-api-search.yml	8477	10	3	False
tmp-se-video-api-result-20260824	.github/workflows/tmp-se-video-api-search.yml	8477	10	3	False
tmp-se-asterixyz-modportal-result-20260824	tmp-se-asterixyz-modportal/threads_inspected.json	116101	148	2	False
tmp-se-asterixyz-modportal-result-20260824	tmp-se-asterixyz-modportal/matches.json	19276	48	2	True
tmp-se-asterixyz-modportal-result-20260824	tmp-se-asterixyz-modportal/raw/thread_a7f7b35fa02589c2.html	35687	45	2	False
tmp-se-asterixyz-modportal-result-20260824	tmp-se-asterixyz-modportal/SUMMARY.txt	11262	41	2	True
tmp-se-asterixyz-modportal-result-20260824	tmp-se-asterixyz-modportal/console.txt	11263	41	2	True
tmp-se-drive-result-20260824	tmp-se-drive-scan/header-results.json	9721	32	2	True
tmp-se-parser-fetch-result-20260825	tmp-se-parser-fetch/SpaceE-Stuck/keyword-hits.json	2395	15	2	False
tmp-se-archive-discovery-result-20260824	tmp-se-archive-discovery/responses/factoriomaps.com_assets_config_maplist.json_4229d9d81e16.json	693514	471	1	False
tmp-se-redmew-rerun-result-20260824	tmp-se-redmew-rerun/server.log	14776	85	1	False
tmp-se-redmew-retry-result-20260824	tmp-se-redmew-retry/server.log	12369	82	1	False
tmp-se-asterixyz-modportal-20260824	.github/workflows/tmp-se-asterixyz-modportal.yml	14076	29	1	False
tmp-se-asterixyz-modportal-result-20260824	.github/workflows/tmp-se-asterixyz-modportal.yml	14076	29	1	False
tmp-se-candidate-header-result-20260824	.github/workflows/tmp-se-script-decode.yml	5226	4	1	False
tmp-se-drive-result-20260824	.github/workflows/tmp-se-script-decode.yml	5226	4	1	False
tmp-se-headless-final-result-20260824	.github/workflows/tmp-se-script-decode.yml	5226	4	1	False
tmp-se-headless-mirror-result-20260824	.github/workflows/tmp-se-script-decode.yml	5226	4	1	False
tmp-se-history-result-20260824	.github/workflows/tmp-se-script-decode.yml	5226	4	1	False
tmp-se-redmew-rerun-result-20260824	.github/workflows/tmp-se-script-decode.yml	5226	4	1	False
tmp-se-redmew-trigger	.github/workflows/tmp-se-script-decode.yml	5226	4	1	False
tmp-se-redmew-workflow-mainbase	.github/workflows/tmp-se-script-decode.yml	5226	4	1	False
tmp-se-repo-scan-result-20260824	.github/workflows/tmp-se-script-decode.yml	5226	4	1	False
tmp-se-save-result-20260824	.github/workflows/tmp-se-script-decode.yml	5226	4	1	False
tmp-se-script-decode-result-20260824	.github/workflows/tmp-se-script-decode.yml	5226	4	1	False
tmp-se-speedrun-result-20260824	.github/workflows/tmp-se-script-decode.yml	5226	4	1	False
tmp-se-video-api-result-20260824	.github/workflows/tmp-se-script-decode.yml	5226	4	1	False
tmp-se-archive-discovery-result-20260824	tmp-se-archive-discovery/keyword-hits.json	1776436	6443	0	False
tmp-se-speedrun-result-20260824	tmp-se-speedrun-search/candidate-runs.json	2011657	3695	0	True
tmp-se-archive-discovery-result-20260824	tmp-se-archive-discovery/SUMMARY.txt	296683	1237	0	True
tmp-se-repo-scan-result-20260824	tmp-se-repo-scan/errors.json	205729	738	0	True
tmp-se-history-header-result-20260824	tmp-se-history-header/all-results.json	352066	575	0	True
tmp-se-exact-server-records-result-20260825	tmp-se-exact-server-records/file-hits.json	63558	454	0	True
tmp-se-repo-scan-result-20260824	tmp-se-repo-scan/all-zip-blobs.json	161857	445	0	False
tmp-se-server-browser-result-20260824	tmp-se-server-browser/se-candidates.json	70760	345	0	True
tmp-se-exact-server-records-result-20260825	tmp-se-exact-server-records/old-record-matches.json	61574	342	0	True
tmp-se-archive-discovery-result-20260824	tmp-se-archive-discovery/candidate-urls.txt	216731	154	0	True
tmp-se-archive-discovery-result-20260824	tmp-se-archive-discovery/network-records.json	444687	108	0	True
tmp-se-server-browser-result-20260824	tmp-se-server-browser/all-servers.json	252008	107	0	False
tmp-se-headless-mirror-result-20260824	tmp-se-headless-mirror/mod-downloads.json	10450	103	0	False
tmp-se-asterixyz-modportal-result-20260824	tmp-se-asterixyz-modportal/raw/misc_ff18c2e7da5b.html	15092	100	0	False
tmp-se-redmew-result-20260824	tmp-se-redmew/mod-downloads.json	5207	96	0	False
tmp-se-redmew-retry-result-20260824	tmp-se-redmew-retry/mod-downloads.json	5207	96	0	False
tmp-se-server-browser-result-20260824	tmp-se-server-browser/SUMMARY.txt	21880	72	0	True
tmp-se-server-browser-result-20260824	tmp-se-server-browser/crawl-console.txt	3534	58	0	True
tmp-se-candidate-header-result-20260824	tmp-se-candidate-header/results.json	12666	54	0	True
tmp-se-game-id-range-result-20260825	tmp-se-game-id-range/se-servers.json	10076	40	0	False
tmp-se-asterixyz-modportal-result-20260824	tmp-se-asterixyz-modportal/raw/search_0a3b53049b90.html	110536	36	0	False
tmp-se-asterixyz-modportal-result-20260824	tmp-se-asterixyz-modportal/raw/search_5d64b71c8c5c.html	125969	27	0	False
tmp-se-asterixyz-modportal-result-20260824	tmp-se-asterixyz-modportal/raw/search_e49611fea901.html	127606	27	0	False
tmp-se-history-header-20260824	.github/workflows/tmp-se-history-header.yml	14583	26	0	True
tmp-se-history-header-result-20260824	.github/workflows/tmp-se-history-header.yml	14583	26	0	True
tmp-se-asterixyz-modportal-result-20260824	tmp-se-asterixyz-modportal/raw/misc_e2494258e9c6.html	13146	25	0	False
tmp-se-asterixyz-modportal-result-20260824	tmp-se-asterixyz-modportal/raw/search_eb70539b15ce.html	127994	24	0	False
tmp-se-asterixyz-modportal-result-20260824	tmp-se-asterixyz-modportal/raw/thread_741c73a0bad210ce.html	29368	24	0	False
tmp-se-candidate-header-result-20260824	.github/workflows/tmp-se-speedrun-search.yml	12711	23	0	False
tmp-se-drive-result-20260824	.github/workflows/tmp-se-speedrun-search.yml	12711	23	0	False
tmp-se-headless-final-result-20260824	.github/workflows/tmp-se-speedrun-search.yml	12711	23	0	False
tmp-se-headless-mirror-result-20260824	.github/workflows/tmp-se-speedrun-search.yml	12711	23	0	False
tmp-se-history-result-20260824	.github/workflows/tmp-se-speedrun-search.yml	12711	23	0	False
tmp-se-redmew-rerun-result-20260824	.github/workflows/tmp-se-speedrun-search.yml	12711	23	0	False
tmp-se-redmew-trigger	.github/workflows/tmp-se-speedrun-search.yml	12711	23	0	False
tmp-se-redmew-workflow-mainbase	.github/workflows/tmp-se-speedrun-search.yml	12711	23	0	False
tmp-se-repo-scan-result-20260824	.github/workflows/tmp-se-speedrun-search.yml	12711	23	0	False
tmp-se-save-result-20260824	.github/workflows/tmp-se-speedrun-search.yml	12711	23	0	False
tmp-se-script-decode-result-20260824	.github/workflows/tmp-se-speedrun-search.yml	12711	23	0	False
tmp-se-speedrun-result-20260824	.github/workflows/tmp-se-speedrun-search.yml	12711	23	0	False
tmp-se-speedrun-result-20260824	tmp-se-speedrun-search/categories.json	38857	23	0	False
tmp-se-video-api-result-20260824	.github/workflows/tmp-se-speedrun-search.yml	12711	23	0	False
tmp-se-asterixyz-modportal-result-20260824	tmp-se-asterixyz-modportal/raw/listing_pump_1.html	107803	21	0	True
tmp-se-asterixyz-modportal-result-20260824	tmp-se-asterixyz-modportal/raw/listing_pump_2.html	107803	21	0	True
tmp-se-asterixyz-modportal-result-20260824	tmp-se-asterixyz-modportal/raw/listing_pump_3.html	107803	21	0	True
tmp-se-redmew-rerun-result-20260824	tmp-se-redmew-rerun/mod-downloads.json	2912	21	0	False
tmp-se-redmew-result-20260824	tmp-se-redmew/header.json	1577	21	0	True
tmp-se-redmew-retry-result-20260824	tmp-se-redmew-retry/header.json	1408	21	0	True
tmp-se-archive-discovery-result-20260824	tmp-se-archive-discovery/responses/factoriomaps.com_anonymous_4x7dy_steve-bobs_2018-10-15_index.html_7bd7e8d6c4c2.html	18695	18	0	False
tmp-se-archive-discovery-result-20260824	tmp-se-archive-discovery/responses/factoriomaps.com_anonymous_q0099_Squares_2018-10-19_index.html_faabb8c77c8c.html	18109	18	0	False
tmp-se-archive-discovery-result-20260824	tmp-se-archive-discovery/responses/factoriomaps.com_anonymous_t5l0x_PeacefulWin_2018-10-28_index.html_10544840976a.html	19067	18	0	False
tmp-se-exact-server-records-result-20260825	tmp-se-exact-server-records/live-details.json	31234	18	0	True
tmp-se-game-id-range-result-20260825	tmp-se-game-id-range/target-matches.json	6440	18	0	True
tmp-se-madtorio-20260824	.github/workflows/tmp-se-madtorio.yml	5118	18	0	False
tmp-se-madtorio-result-20260824	.github/workflows/tmp-se-madtorio.yml	5118	18	0	False
tmp-se-repo-scan-result-20260824	tmp-se-repo-scan/all-valid-factorio-saves.json	15269	18	0	False
tmp-se-archive-discovery-result-20260824	tmp-se-archive-discovery/responses/factoriomaps.com_PublicServers_REDMEW_100x_tech_cost_2018-09-04_index.html_0064aafd1ebe.html	17128	17	0	False
tmp-se-archive-discovery-result-20260824	tmp-se-archive-discovery/responses/factoriomaps.com_PublicServers_REDMEW_antfarm_2018-05-16_index.html_4cb53ac10978.html	16800	17	0	False
tmp-se-archive-discovery-result-20260824	tmp-se-archive-discovery/responses/factoriomaps.com_PublicServers_REDMEW_bacon_islands_2018-07-14_index.html_adcdcba7571a.html	16890	17	0	False
tmp-se-archive-discovery-result-20260824	tmp-se-archive-discovery/responses/factoriomaps.com_PublicServers_REDMEW_beach2_2018-05-26_index.html_15be23c0b736.html	16785	17	0	False
tmp-se-archive-discovery-result-20260824	tmp-se-archive-discovery/responses/factoriomaps.com_PublicServers_REDMEW_beach_2018-05-12_index.html_b940474f36c1.html	16770	17	0	False
tmp-se-archive-discovery-result-20260824	tmp-se-archive-discovery/responses/factoriomaps.com_PublicServers_REDMEW_broken_web_2018-05-30_index.html_c5bd54aa7630.html	16873	17	0	False
tmp-se-archive-discovery-result-20260824	tmp-se-archive-discovery/responses/factoriomaps.com_PublicServers_REDMEW_circular_spiral_2018-08-25_index.html_e5d959eb62fb.html	16948	17	0	False
tmp-se-archive-discovery-result-20260824	tmp-se-archive-discovery/responses/factoriomaps.com_PublicServers_REDMEW_connected_dots_2018-09-01_index.html_1d505ed275f6.html	16983	17	0	False
tmp-se-archive-discovery-result-20260824	tmp-se-archive-discovery/responses/factoriomaps.com_PublicServers_REDMEW_crash_site_0.1.0_2018-06-30_index.html_f570cdc50ae6.html	16975	17	0	False
tmp-se-archive-discovery-result-20260824	tmp-se-archive-discovery/responses/factoriomaps.com_PublicServers_REDMEW_crash_site_0.2.0_2018-06-30_index.html_c12a1c3fea75.html	16923	17	0	False
tmp-se-archive-discovery-result-20260824	tmp-se-archive-discovery/responses/factoriomaps.com_PublicServers_REDMEW_crash_site_0.2.1_2018-07-01_index.html_8207cd864a81.html	16923	17	0	False
tmp-se-archive-discovery-result-20260824	tmp-se-archive-discovery/responses/factoriomaps.com_PublicServers_REDMEW_crash_site_0.3.0_2018-07-02_index.html_26c3edb12e17.html	16963	17	0	False
tmp-se-archive-discovery-result-20260824	tmp-se-archive-discovery/responses/factoriomaps.com_PublicServers_REDMEW_crash_site_0.3.2_b_2018-07-07_index.html_c4b9df1ea226.html	16993	17	0	False
tmp-se-archive-discovery-result-20260824	tmp-se-archive-discovery/responses/factoriomaps.com_PublicServers_REDMEW_creation_of_adam_2018-04-29_index.html_f7d9b171afd2.html	16923	17	0	False
tmp-se-archive-discovery-result-20260824	tmp-se-archive-discovery/responses/factoriomaps.com_PublicServers_REDMEW_danger_ore_b_2018-07-09_index.html_9e932b2a1eaa.html	16863	17	0	False
tmp-se-archive-discovery-result-20260824	tmp-se-archive-discovery/responses/factoriomaps.com_PublicServers_REDMEW_dna_2018-04-26_index.html_c41a27d78c1f.html	16780	17	0	False
tmp-se-archive-discovery-result-20260824	tmp-se-archive-discovery/responses/factoriomaps.com_PublicServers_REDMEW_factory_2018-05-14_index.html_549658f4a0c0.html	16788	17	0	False
tmp-se-archive-discovery-result-20260824	tmp-se-archive-discovery/responses/factoriomaps.com_PublicServers_REDMEW_fish_islands_2018-05-09_index.html_15126080bd48.html	16903	17	0	False
tmp-se-archive-discovery-result-20260824	tmp-se-archive-discovery/responses/factoriomaps.com_PublicServers_REDMEW_fractal_balls_2018-06-24_index.html_733213a137d3.html	16890	17	0	False
tmp-se-archive-discovery-result-20260824	tmp-se-archive-discovery/responses/factoriomaps.com_PublicServers_REDMEW_fruit_loops_2018-04-22_index.html_93287a6a7206.html	16848	17	0	False
tmp-se-archive-discovery-result-20260824	tmp-se-archive-discovery/responses/factoriomaps.com_PublicServers_REDMEW_fruit_loops_dangerous_ores_2018-08-21_index.html_76ef487a75a9.html	17085	17	0	False
tmp-se-archive-discovery-result-20260824	tmp-se-archive-discovery/responses/factoriomaps.com_PublicServers_REDMEW_grid_islands_2018-06-21_index.html_bb433edafc35.html	16915	17	0	False
tmp-se-archive-discovery-result-20260824	tmp-se-archive-discovery/responses/factoriomaps.com_PublicServers_REDMEW_hub_spiral_2018-08-28_index.html_c0d06180e370.html	16940	17	0	False
tmp-se-archive-discovery-result-20260824	tmp-se-archive-discovery/responses/factoriomaps.com_PublicServers_REDMEW_island_resort_2018-05-22_index.html_7988c57ccaeb.html	16930	17	0	False
tmp-se-archive-discovery-result-20260824	tmp-se-archive-discovery/responses/factoriomaps.com_PublicServers_REDMEW_line-and-trees_2018-04-17_index.html_1ed08b864047.html	16945	17	0	False
tmp-se-archive-discovery-result-20260824	tmp-se-archive-discovery/responses/factoriomaps.com_PublicServers_REDMEW_line_and_tree_2018-07-18_index.html_6c925c748ba2.html	16898	17	0	False
tmp-se-archive-discovery-result-20260824	tmp-se-archive-discovery/responses/factoriomaps.com_PublicServers_REDMEW_lines_and_squares_2018-06-10_index.html_919b504655e6.html	16982	17	0	False
tmp-se-archive-discovery-result-20260824	tmp-se-archive-discovery/responses/factoriomaps.com_PublicServers_REDMEW_no_roboports_2018-06-10_index.html_fc542470623b.html	16875	17	0	False
tmp-se-archive-discovery-result-20260824	tmp-se-archive-discovery/responses/factoriomaps.com_PublicServers_REDMEW_prehistoric_factorio_2018-06-17_index.html_a3fcaaa17128.html	17023	17	0	False
tmp-se-archive-discovery-result-20260824	tmp-se-archive-discovery/responses/factoriomaps.com_PublicServers_REDMEW_spiral_of_spiral_2018-06-14_index.html_63040577854e.html	16975	17	0	False
tmp-se-archive-discovery-result-20260824	tmp-se-archive-discovery/responses/factoriomaps.com_PublicServers_REDMEW_square_spiral_2018-05-02_index.html_f7673218c66c.html	16918	17	0	False
tmp-se-archive-discovery-result-20260824	tmp-se-archive-discovery/responses/factoriomaps.com_PublicServers_REDMEW_tiny_ores_2018-05-27_index.html_ece4f34558dd.html	16818	17	0	False
tmp-se-archive-discovery-result-20260824	tmp-se-archive-discovery/responses/factoriomaps.com_PublicServers_REDMEW_toxic_danger_ore_jungle_2018-07-11_index.html_d9dc9895e04f.html	17008	17	0	False
tmp-se-archive-discovery-result-20260824	tmp-se-archive-discovery/responses/factoriomaps.com_PublicServers_REDMEW_toxic_jungle_2018-06-28_index.html_bcfa6913c683.html	16875	17	0	False
tmp-se-archive-discovery-result-20260824	tmp-se-archive-discovery/responses/factoriomaps.com_PublicServers_REDMEW_triangle_of_death2_2018-06-03_index.html_7bd82b68e768.html	16965	17	0	False
tmp-se-archive-discovery-result-20260824	tmp-se-archive-discovery/responses/factoriomaps.com_PublicServers_REDMEW_triangle_of_death_2018-05-18_index.html_449d65e5671c.html	16938	17	0	False
tmp-se-archive-discovery-result-20260824	tmp-se-archive-discovery/responses/factoriomaps.com_PublicServers_REDMEW_voidgears_2018-05-05_index.html_d00fb39a9447.html	16858	17	0	False
tmp-se-archive-discovery-result-20260824	tmp-se-archive-discovery/responses/factoriomaps.com_PublicServers_REDMEW_world_2018-06-05_index.html_aee0325b443d.html	16770	17	0	False
tmp-se-archive-discovery-result-20260824	tmp-se-archive-discovery/responses/factoriomaps.com_anonymous_5g88f_Needs-More-Train-Spagetti_2018-08-19_index.html_61ab2e960ac7.html	16983	17	0	False
tmp-se-archive-discovery-result-20260824	tmp-se-archive-discovery/responses/factoriomaps.com_anonymous_7mzdk_600-spm-full-bot-base-no-train-no-belt_2018-10-22_index.html_06cb7a30482b.html	18199	17	0	False
tmp-se-archive-discovery-result-20260824	tmp-se-archive-discovery/responses/factoriomaps.com_anonymous_j46cs_FirstMultiplayer_2018-09-13_index.html_d63fe385717e.html	17856	17	0	False
tmp-se-archive-discovery-result-20260824	tmp-se-archive-discovery/responses/factoriomaps.com_anonymous_lwx1h_ScrapnelFactory_2018-10-25_index.html_1bdf5d079246.html	18249	17	0	False
tmp-se-archive-discovery-result-20260824	tmp-se-archive-discovery/responses/factoriomaps.com_anonymous_nc717_Bodge_2018-10-24_index.html_4cae876e1e52.html	18905	17	0	False
tmp-se-archive-discovery-result-20260824	tmp-se-archive-discovery/responses/factoriomaps.com_anonymous_nwc51_Slow-Progress_2018-07-25_index.html_5f556a482ce3.html	27977	17	0	True
tmp-se-archive-discovery-result-20260824	tmp-se-archive-discovery/responses/factoriomaps.com_anonymous_qblod_5k-min-military-mall_2018-09-03_index.html_dd4ee02201b6.html	17543	17	0	False
tmp-se-archive-discovery-result-20260824	tmp-se-archive-discovery/responses/factoriomaps.com_anonymous_vn76a_Misc-spaguetti-with-trains_2018-06-10_index.html_8c8f16a6f434.html	15898	17	0	False
tmp-se-archive-discovery-result-20260824	tmp-se-archive-discovery/responses/factoriomaps.com_anonymous_xrcrq_started_in_0.13_1100_rockets_so_far_2018-10-03_index.html_02307123e025.html	18151	17	0	False
tmp-se-archive-discovery-result-20260824	tmp-se-archive-discovery/responses/factoriomaps.com_anonymous_z90a3_SlowlyGettingThere_2018-08-16_index.html_c9eb4a7826f8.html	16911	17	0	False
tmp-se-archive-discovery-result-20260824	tmp-se-archive-discovery/responses/factoriomaps.com_schaev_10kspm-Cross_2018-08-13_index.html_8aa9aeed437b.html	16742	17	0	False
tmp-se-archive-discovery-result-20260824	tmp-se-archive-discovery/responses/factoriomaps.com_anonymous_7rgh1_FirstModdedWorld_2018-09-23_index.html_493972adf9ee.html	18944	16	0	False
tmp-se-asterixyz-modportal-result-20260824	tmp-se-asterixyz-modportal/raw/listing_belt-visualizer_1.html	97434	16	0	True
tmp-se-asterixyz-modportal-result-20260824	tmp-se-asterixyz-modportal/raw/listing_belt-visualizer_2.html	97434	16	0	True
tmp-se-asterixyz-modportal-result-20260824	tmp-se-asterixyz-modportal/raw/listing_belt-visualizer_3.html	97434	16	0	True
tmp-se-archive-discovery-result-20260824	tmp-se-archive-discovery/responses/factoriomaps.com_Geostyx_PointOneSix_2018-10-11_index.html_3455332b145c.html	19349	15	0	False
tmp-se-archive-discovery-result-20260824	tmp-se-archive-discovery/responses/factoriomaps.com_Geostyx_PrivateOneSix_2018-09-05_index.html_7facb73ae749.html	18600	15	0	False
tmp-se-archive-discovery-result-20260824	tmp-se-archive-discovery/responses/factoriomaps.com_anonymous_84fy7_OctoberMap_2018-10-31_index.html_21e7119d02e3.html	19537	15	0	False
tmp-se-archive-discovery-result-20260824	tmp-se-archive-discovery/responses/factoriomaps.com_anonymous_h5qtq_AJsSeablockModularTrainGrid_2018-10-25_index.html_9562a755b20c.html	19288	15	0	False
tmp-se-archive-discovery-result-20260824	tmp-se-archive-discovery/responses/factoriomaps.com_FactorioMMO_2018-Events_Clusterio60K_chernobyl_index.html_2a803d6995e1.html	15194	14	0	False
tmp-se-archive-discovery-result-20260824	tmp-se-archive-discovery/responses/factoriomaps.com_Geostyx_PrivateOneSix_2018-05-27_index.html_93ed478fa9b7.html	15056	14	0	False
tmp-se-archive-discovery-result-20260824	tmp-se-archive-discovery/responses/factoriomaps.com_PublicServers_REDMEW_The-World-Is-Not-Enough_2018-07-03_index.html_e0d9f14dc717.html	16764	14	0	False
tmp-se-archive-discovery-result-20260824	tmp-se-archive-discovery/responses/factoriomaps.com_anonymous_1lx2h_BobsAngels_2018-08-12_index.html_94e14f22bfef.html	15489	14	0	False
tmp-se-archive-discovery-result-20260824	tmp-se-archive-discovery/responses/factoriomaps.com_anonymous_2tgk8_BOB_2018-11-01_index.html_6c90294d4cfd.html	19311	14	0	False
tmp-se-archive-discovery-result-20260824	tmp-se-archive-discovery/responses/factoriomaps.com_anonymous_3k31h_ChoumMaps_2018-10-07_index.html_83c8721ea78a.html	17586	14	0	False
tmp-se-archive-discovery-result-20260824	tmp-se-archive-discovery/responses/factoriomaps.com_anonymous_4392d_seablock_2018-08-09_index.html_05ac98ad341b.html	15471	14	0	False
tmp-se-archive-discovery-result-20260824	tmp-se-archive-discovery/responses/factoriomaps.com_anonymous_60xdf_First-Pasta_2018-10-31_index.html_fe81dcc22d31.html	18920	14	0	False
tmp-se-archive-discovery-result-20260824	tmp-se-archive-discovery/responses/factoriomaps.com_anonymous_6cy6q_Growing_2018-10-27_index.html_3263adb57e1a.html	17625	14	0	False
tmp-se-archive-discovery-result-20260824	tmp-se-archive-discovery/responses/factoriomaps.com_anonymous_6ykus_TG_2018-08-11_index.html_feb33fd94a0f.html	15457	14	0	False
tmp-se-archive-discovery-result-20260824	tmp-se-archive-discovery/responses/factoriomaps.com_anonymous_bim6q_My-First-Megabase-WIP_2018-10-10_index.html_127eb0620b5e.html	18535	14	0	False
tmp-se-archive-discovery-result-20260824	tmp-se-archive-discovery/responses/factoriomaps.com_anonymous_cacmi_sn209_2018-10-10_index.html_9ad494d1c471.html	18063	14	0	False
tmp-se-archive-discovery-result-20260824	tmp-se-archive-discovery/responses/factoriomaps.com_anonymous_dup1i_roadto2kspm_2018-10-06_index.html_91a54c2d8619.html	18105	14	0	False
tmp-se-archive-discovery-result-20260824	tmp-se-archive-discovery/responses/factoriomaps.com_anonymous_oppnu_NotTechnicallyMyFirstGame_2018-09-02_index.html_994e8d720002.html	17756	14	0	False
tmp-se-archive-discovery-result-20260824	tmp-se-archive-discovery/responses/factoriomaps.com_anonymous_qsf24_firstLargeBase_2018-10-05_index.html_d12bcc3a0d0d.html	17771	14	0	False
tmp-se-archive-discovery-result-20260824	tmp-se-archive-discovery/responses/factoriomaps.com_anonymous_ykn6x_Nerdbox_2018-08-22_index.html_f4c915dcdf34.html	16544	14	0	False
tmp-se-archive-discovery-result-20260824	tmp-se-archive-discovery/responses/factoriomaps.com_user_Darkren_Multiplayer_2017-11-28_index.html_8ee79dd8d1fb.html	15513	14	0	False
tmp-se-asterixyz-modportal-result-20260824	tmp-se-asterixyz-modportal/raw/listing_FilterHelper_1.html	107762	14	0	True
tmp-se-asterixyz-modportal-result-20260824	tmp-se-asterixyz-modportal/raw/listing_FilterHelper_2.html	107762	14	0	True
tmp-se-asterixyz-modportal-result-20260824	tmp-se-asterixyz-modportal/raw/listing_FilterHelper_3.html	107762	14	0	True
tmp-se-asterixyz-modportal-result-20260824	tmp-se-asterixyz-modportal/raw/thread_80b569912dac3c43.html	17183	14	0	False
tmp-se-factoriomaps-20260824	.github/workflows/tmp-se-factoriomaps.yml	10246	14	0	False
tmp-se-factoriomaps-result-20260824	.github/workflows/tmp-se-factoriomaps.yml	10246	14	0	False
tmp-se-madtorio-result-20260824	tmp-se-madtorio/results.json	2709	12	0	True
tmp-se-headless-final-result-20260824	tmp-se-headless-final/header.json	1667	9	0	True
tmp-se-headless-final-result-20260824	tmp-se-headless-final/mod-downloads.json	5827	9	0	False
tmp-se-headless-mirror-result-20260824	tmp-se-headless-mirror/header.json	1898	9	0	True
tmp-se-speedrun-result-20260824	tmp-se-speedrun-search/variables.json	54841	9	0	False
tmp-se-archive-discovery-result-20260824	.github/workflows/tmp-se-archive-discovery.yml	11835	8	0	False
tmp-se-asterixyz-modportal-20260824	.github/workflows/tmp-se-archive-discovery.yml	11835	8	0	False
tmp-se-asterixyz-modportal-result-20260824	.github/workflows/tmp-se-archive-discovery.yml	11835	8	0	False
tmp-se-consolidate-history-20260824	.github/workflows/tmp-se-archive-discovery.yml	11835	8	0	False
tmp-se-current-headers-20260824	.github/workflows/tmp-se-archive-discovery.yml	11835	8	0	False
tmp-se-current-headers-result-20260824	.github/workflows/tmp-se-archive-discovery.yml	11835	8	0	False
tmp-se-current-server-result-20260825	.github/workflows/tmp-se-archive-discovery.yml	11835	8	0	False
tmp-se-exact-server-records-result-20260825	.github/workflows/tmp-se-archive-discovery.yml	11835	8	0	False
tmp-se-factoriomaps-20260824	.github/workflows/tmp-se-archive-discovery.yml	11835	8	0	False
tmp-se-factoriomaps-result-20260824	.github/workflows/tmp-se-archive-discovery.yml	11835	8	0	False
tmp-se-game-id-range-result-20260825	.github/workflows/tmp-se-archive-discovery.yml	11835	8	0	False
tmp-se-history-header-20260824	.github/workflows/tmp-se-archive-discovery.yml	11835	8	0	False
tmp-se-history-header-result-20260824	.github/workflows/tmp-se-archive-discovery.yml	11835	8	0	False
tmp-se-madtorio-20260824	.github/workflows/tmp-se-archive-discovery.yml	11835	8	0	False
tmp-se-madtorio-result-20260824	.github/workflows/tmp-se-archive-discovery.yml	11835	8	0	False
tmp-se-parser-fetch-20260825	.github/workflows/tmp-se-archive-discovery.yml	11835	8	0	False
tmp-se-parser-fetch-result-20260825	.github/workflows/tmp-se-archive-discovery.yml	11835	8	0	False
tmp-se-redmew-retry-20260824	.github/workflows/tmp-se-archive-discovery.yml	11835	8	0	False
tmp-se-redmew-retry-result-20260824	.github/workflows/tmp-se-archive-discovery.yml	11835	8	0	False
tmp-se-redmew-retry-result-20260824	tmp-se-redmew-retry/mod-list.json	2182	8	0	False
tmp-se-server-browser-20260824	.github/workflows/tmp-se-archive-discovery.yml	11835	8	0	False
tmp-se-server-browser-result-20260824	.github/workflows/tmp-se-archive-discovery.yml	11835	8	0	False
tmp-se-youtube-alt-20260824	.github/workflows/tmp-se-archive-discovery.yml	11835	8	0	False
tmp-se-youtube-alt-result-20260824	.github/workflows/tmp-se-archive-discovery.yml	11835	8	0	False
tmp-se-youtube-alt2-20260824	.github/workflows/tmp-se-archive-discovery.yml	11835	8	0	False
tmp-se-youtube-deep-result-20260824	.github/workflows/tmp-se-archive-discovery.yml	11835	8	0	False
tmp-se-yt-dlp-20260824	.github/workflows/tmp-se-archive-discovery.yml	11835	8	0	False
tmp-se-yt-dlp-result-20260824	.github/workflows/tmp-se-archive-discovery.yml	11835	8	0	False
tmp-se-archive-discovery-result-20260824	tmp-se-archive-discovery/responses/factoriomaps.com_beta_user_L0laapk3_megabase_index.html_0110a79bac27.html	29837	7	0	False
tmp-se-archive-discovery-result-20260824	tmp-se-archive-discovery/responses/factoriomaps.com_beta_user_RedMike_DC_RedMike-PT_index.html_bea575ac81b4.html	18531	7	0	False
tmp-se-asterixyz-modportal-result-20260824	tmp-se-asterixyz-modportal/raw/search_e939d8c7f327.html	9428	6	0	False
tmp-se-current-headers-result-20260824	tmp-se-current-headers/results.json	3417	6	0	True
tmp-se-parser-fetch-result-20260825	tmp-se-parser-fetch/parser/package_source/desync.py	10079	6	0	False
tmp-se-asterixyz-modportal-result-20260824	tmp-se-asterixyz-modportal/errors.json	443	4	0	True
tmp-se-current-server-result-20260825	.github/workflows/tmp-se-parser-fetch-20260825.yml	6001	4	0	False
tmp-se-asterixyz-modportal-result-20260824	tmp-se-asterixyz-modportal/raw/search_56c9fd3a6f84.html	9410	3	0	False
tmp-se-exact-server-records-result-20260825	.github/workflows/tmp-se-parser-fetch-20260825.yml	7271	3	0	False
tmp-se-game-id-range-result-20260825	.github/workflows/tmp-se-parser-fetch-20260825.yml	6428	3	0	False
tmp-se-parser-fetch-20260825	.github/workflows/tmp-se-parser-fetch-20260825.yml	6428	3	0	False
tmp-se-redmew-result-20260824	tmp-se-redmew/server.log	1292	3	0	False
tmp-se-server-browser-20260824	.github/workflows/tmp-se-server-browser.yml	7488	3	0	False
tmp-se-server-browser-result-20260824	.github/workflows/tmp-se-server-browser.yml	7488	3	0	False
tmp-se-archive-discovery-result-20260824	tmp-se-archive-discovery/responses/factoriomaps.com_beta_user_Xarovin_Osira_index.html_277b32cc456c.html	21602	2	0	False
tmp-se-archive-discovery-result-20260824	tmp-se-archive-discovery/responses/factoriomaps.com_beta_user_identifytarget_Freeplay27-ROCKET_index.html_0d92765b929a.html	4408	2	0	False
tmp-se-asterixyz-modportal-result-20260824	tmp-se-asterixyz-modportal/raw/search_38a88525d0c9.html	91761	2	0	False
tmp-se-game-id-range-result-20260825	tmp-se-game-id-range/SUMMARY.txt	590	2	0	True
tmp-se-parser-fetch-result-20260825	tmp-se-parser-fetch/SpaceE-Stuck/summary.json	1331	2	0	True
tmp-se-parser-fetch-result-20260825	tmp-se-parser-fetch/SpaceE-Stuck/target-shapes.json	27828	2	0	False
tmp-se-redmew-rerun-result-20260824	tmp-se-redmew-rerun/unzip-test.txt	22810	2	0	False
tmp-se-redmew-result-20260824	tmp-se-redmew/chunks/README.txt	38	2	0	False
tmp-se-redmew-result-20260824	tmp-se-redmew/unzip-test.txt	22810	2	0	False
tmp-se-redmew-retry-result-20260824	tmp-se-redmew-retry/chunks/README.txt	38	2	0	False
tmp-se-redmew-retry-result-20260824	tmp-se-redmew-retry/unzip-test.txt	22810	2	0	False
tmp-se-repo-scan-result-20260824	tmp-se-repo-scan/console.txt	166	2	0	True
tmp-se-repo-scan-result-20260824	tmp-se-repo-scan/summary.json	165	2	0	True
tmp-se-repo-scan-result-20260824	tmp-se-repo-scan/summary.txt	132	2	0	True
tmp-se-youtube-alt2-20260824	.github/workflows/tmp-se-youtube-alt2.yml	3063	2	0	False
tmp-se-archive-discovery-result-20260824	tmp-se-archive-discovery/responses/factoriomaps.com_browse.html_140ce62d0389.html	163195	1	0	False
tmp-se-archive-discovery-result-20260824	tmp-se-archive-discovery/responses/factoriomaps.com_submit_ca64ec24630b.html	848514	1	0	False
tmp-se-archive-discovery-result-20260824	tmp-se-archive-discovery/sites/factoriomaps.com_browse.html_140ce62d0389/rendered.html	162130	1	0	False
tmp-se-archive-discovery-result-20260824	tmp-se-archive-discovery/sites/factoriomaps.com_browse.html_140ce62d0389/storage-and-text.json	10366	1	0	False
tmp-se-asterixyz-modportal-result-20260824	tmp-se-asterixyz-modportal/raw/search_246bc1589bb3.html	91513	1	0	False
tmp-se-asterixyz-modportal-result-20260824	tmp-se-asterixyz-modportal/raw/search_a264b76563c7.html	91623	1	0	False
tmp-se-asterixyz-modportal-result-20260824	tmp-se-asterixyz-modportal/raw/search_ed26476b11d7.html	91410	1	0	False
tmp-se-candidate-header-result-20260824	tmp-se-candidate-header/console.txt	701	1	0	True
tmp-se-candidate-header-result-20260824	tmp-se-candidate-header/summary.txt	700	1	0	True
tmp-se-current-server-result-20260825	tmp-se-current-server-scan/searches.json	6952	1	0	False
tmp-se-exact-server-records-result-20260825	tmp-se-exact-server-records/SUMMARY.txt	4097	1	0	True
tmp-se-history-header-result-20260824	tmp-se-history-header/SUMMARY.txt	87	1	0	True
tmp-se-history-header-result-20260824	tmp-se-history-header/console.txt	837	1	0	True
tmp-se-history-header-result-20260824	tmp-se-history-header/summary.json	119	1	0	True
tmp-se-parser-fetch-result-20260825	tmp-se-parser-fetch/parser/package_source/__main__.py	6676	1	0	False
tmp-se-redmew-rerun-result-20260824	tmp-se-redmew-rerun/save-sha256.txt	85	1	0	False
tmp-se-redmew-result-20260824	tmp-se-redmew/file-list.txt	28433	1	0	False
tmp-se-redmew-result-20260824	tmp-se-redmew/save-sha256.txt	85	1	0	False
tmp-se-redmew-retry-result-20260824	tmp-se-redmew-retry/file-list.txt	28433	1	0	False
tmp-se-redmew-retry-result-20260824	tmp-se-redmew-retry/save-sha256.txt	85	1	0	False
tmp-se-server-browser-result-20260824	tmp-se-server-browser/root.html	276094	1	0	False
tmp-se-speedrun-result-20260824	tmp-se-speedrun-search/console.txt	231	1	0	True
tmp-se-speedrun-result-20260824	tmp-se-speedrun-search/summary.json	230	1	0	True
tmp-se-speedrun-result-20260824	tmp-se-speedrun-search/summary.txt	177	1	0	True
tmp-se-archive-discovery-result-20260824	.claude/settings.json	79	0	0	False
tmp-se-archive-discovery-result-20260824	.github/workflows/claude-code-review.yml	1433	0	0	False
tmp-se-archive-discovery-result-20260824	.github/workflows/claude.yml	1886	0	0	False
tmp-se-archive-discovery-result-20260824	.github/workflows/fetch-recipes.yml	1324	0	0	False
tmp-se-archive-discovery-result-20260824	.vscode/extensions.json	39	0	0	False
tmp-se-archive-discovery-result-20260824	CLAUDE.md	9657	0	0	False
tmp-se-archive-discovery-result-20260824	README.md	442	0	0	False
tmp-se-archive-discovery-result-20260824	index.html	364	0	0	False
tmp-se-archive-discovery-result-20260824	package-lock.json	68351	0	0	False
tmp-se-archive-discovery-result-20260824	package.json	675	0	0	False
tmp-se-archive-discovery-result-20260824	src/game/recipes.generated.json	3680	0	0	False
tmp-se-archive-discovery-result-20260824	src/videos/belt_mechanics.txt	12303	0	0	False
tmp-se-archive-discovery-result-20260824	tmp-se-archive-discovery/assets/blog.factoriomaps.com_about_021d0cc7725c.html	8259	0	0	False
tmp-se-archive-discovery-result-20260824	tmp-se-archive-discovery/assets/factorio-maps.rmdir.app_manifest.json_0c23b3598400.json	492	0	0	True
tmp-se-archive-discovery-result-20260824	tmp-se-archive-discovery/assets/factoriomaps.com_browse.html_140ce62d0389.html	5004	0	0	False
tmp-se-archive-discovery-result-20260824	tmp-se-archive-discovery/assets/factoriomaps.com_submit_ca64ec24630b.html	8953	0	0	False
tmp-se-archive-discovery-result-20260824	tmp-se-archive-discovery/responses/factorio-maps.rmdir.app_about_12151be220ba.html	2336	0	0	False
tmp-se-archive-discovery-result-20260824	tmp-se-archive-discovery/responses/factorio-maps.rmdir.app_app_save_2024-England_1701d3b88e1b.html	3515	0	0	False
tmp-se-archive-discovery-result-20260824	tmp-se-archive-discovery/responses/factorio-maps.rmdir.app_app_save_2024-England_mapshot_dd65830d_5654bc3b3de4.html	3515	0	0	False
tmp-se-archive-discovery-result-20260824	tmp-se-archive-discovery/responses/factorio-maps.rmdir.app_app_save_2024-Space_518c8665c314.html	3511	0	0	False
tmp-se-archive-discovery-result-20260824	tmp-se-archive-discovery/responses/factorio-maps.rmdir.app_app_save_2024-Space_mapshot_01676b0f_30b5d5794281.html	3511	0	0	False
tmp-se-archive-discovery-result-20260824	tmp-se-archive-discovery/responses/factorio-maps.rmdir.app_app_save_AlexRobertV2_9f81335edae1.html	3515	0	0	False
tmp-se-archive-discovery-result-20260824	tmp-se-archive-discovery/responses/factorio-maps.rmdir.app_app_save_AlexRobertV2_mapshot_ce90d5a2_d415da99e20a.html	3515	0	0	False
tmp-se-archive-discovery-result-20260824	tmp-se-archive-discovery/responses/factorio-maps.rmdir.app_app_save_factorio-ns-assembly-empire.rmdir_6ec6051066b4.html	3557	0	0	False
tmp-se-archive-discovery-result-20260824	tmp-se-archive-discovery/responses/factorio-maps.rmdir.app_app_save_factorio-ns-assembly-empire.rmdir_mapshot_034327a1_d01a78c555fb.html	3557	0	0	False
tmp-se-archive-discovery-result-20260824	tmp-se-archive-discovery/responses/factorio-maps.rmdir.app_app_save_factorio-ns-automation-nation.rmdir_1eb6258fbf93.html	3561	0	0	False
tmp-se-archive-discovery-result-20260824	tmp-se-archive-discovery/responses/factorio-maps.rmdir.app_app_save_factorio-ns-automation-nation.rmdir_mapshot_3ebcbd58_5775023281cd.html	3561	0	0	False
tmp-se-archive-discovery-result-20260824	tmp-se-archive-discovery/responses/factorio-maps.rmdir.app_app_save_factorio-ns-belt-bonanza.rmdir_037ea169b306.html	3551	0	0	False
tmp-se-archive-discovery-result-20260824	tmp-se-archive-discovery/responses/factorio-maps.rmdir.app_app_save_factorio-ns-belt-bonanza.rmdir_mapshot_23a51ffc_e2ffde12d8ed.html	3551	0	0	False
tmp-se-archive-discovery-result-20260824	tmp-se-archive-discovery/responses/factorio-maps.rmdir.app_app_save_factorio-ns-circuit-city.rmdir_afa96de236a6.html	3551	0	0	False
tmp-se-archive-discovery-result-20260824	tmp-se-archive-discovery/responses/factorio-maps.rmdir.app_app_save_factorio-ns-circuit-city.rmdir_mapshot_7299978e_a5e85cdfdaac.html	3551	0	0	False
tmp-se-archive-discovery-result-20260824	tmp-se-archive-discovery/responses/factorio-maps.rmdir.app_app_save_factorio-ns-conveyor-carnival.rmdir_23a140321a5b.html	3561	0	0	False
tmp-se-archive-discovery-result-20260824	tmp-se-archive-discovery/responses/factorio-maps.rmdir.app_app_save_factorio-ns-conveyor-carnival.rmdir_mapshot_4d866047_a3b88cba9860.html	3561	0	0	False
tmp-se-archive-discovery-result-20260824	tmp-se-archive-discovery/responses/factorio-maps.rmdir.app_app_save_factorio-ns-factory-frenzy.rmdir_8e33f9550e1d.html	3555	0	0	False
tmp-se-archive-discovery-result-20260824	tmp-se-archive-discovery/responses/factorio-maps.rmdir.app_app_save_factorio-ns-factory-frenzy.rmdir_mapshot_b7296f32_b0f78d48b4ca.html	3555	0	0	False
tmp-se-archive-discovery-result-20260824	tmp-se-archive-discovery/responses/factorio-maps.rmdir.app_app_save_factorio-ns-mining-mania.rmdir_0ed9586b3828.html	3551	0	0	False
tmp-se-archive-discovery-result-20260824	tmp-se-archive-discovery/responses/factorio-maps.rmdir.app_app_save_factorio-ns-mining-mania.rmdir_mapshot_e255bd6b_20ffa60b739a.html	3551	0	0	False
tmp-se-archive-discovery-result-20260824	tmp-se-archive-discovery/responses/factorio-maps.rmdir.app_app_save_factorio-ns-pipeline-paradise.rmdir_83ee67de8fff.html	3561	0	0	False
tmp-se-archive-discovery-result-20260824	tmp-se-archive-discovery/responses/factorio-maps.rmdir.app_app_save_factorio-ns-pipeline-paradise.rmdir_mapshot_4d866047_890439627c1a.html	3561	0	0	False
tmp-se-archive-discovery-result-20260824	tmp-se-archive-discovery/responses/factorio-maps.rmdir.app_app_save_factorio-ns-resource-rumble.rmdir_8ad545e03ea0.html	3557	0	0	False
tmp-se-archive-discovery-result-20260824	tmp-se-archive-discovery/responses/factorio-maps.rmdir.app_app_save_factorio-ns-resource-rumble.rmdir_mapshot_8c981cf7_f6527b738620.html	3557	0	0	False
tmp-se-archive-discovery-result-20260824	tmp-se-archive-discovery/responses/factorio-maps.rmdir.app_app_save_factorio-ns-robot-revolution.rmdir_39bdf33c5291.html	3559	0	0	False
tmp-se-archive-discovery-result-20260824	tmp-se-archive-discovery/responses/factorio-maps.rmdir.app_app_save_factorio-ns-robot-revolution.rmdir_mapshot_a4f86061_1d047002799c.html	3559	0	0	False
tmp-se-archive-discovery-result-20260824	tmp-se-archive-discovery/responses/factorio-maps.rmdir.app_app_save_factorio-ns-supply-chain-saga.rmdir_5aaf9be56082.html	3561	0	0	False
tmp-se-archive-discovery-result-20260824	tmp-se-archive-discovery/responses/factorio-maps.rmdir.app_app_save_factorio-ns-supply-chain-saga.rmdir_mapshot_32a30652_51f67327bb0c.html	3561	0	0	False
tmp-se-archive-discovery-result-20260824	tmp-se-archive-discovery/responses/factorio-maps.rmdir.app_app_save_lll_ill_d619c025ef94.html	3505	0	0	False
tmp-se-archive-discovery-result-20260824	tmp-se-archive-discovery/responses/factorio-maps.rmdir.app_app_save_lll_ill_mapshot_742f290b_ba256ae5fe26.html	3505	0	0	False
tmp-se-archive-discovery-result-20260824	tmp-se-archive-discovery/responses/factorio-maps.rmdir.app_cc8ef90e9a90.html	49211	0	0	False
tmp-se-archive-discovery-result-20260824	tmp-se-archive-discovery/responses/factorio-maps.rmdir.app_contact_e628829c8174.html	2336	0	0	False
tmp-se-archive-discovery-result-20260824	tmp-se-archive-discovery/responses/factorio-maps.rmdir.app_mapshot_saves.json_210145a0c910.json	513854	0	0	False
tmp-se-archive-discovery-result-20260824	tmp-se-archive-discovery/sites/factorio-maps.rmdir.app_cc8ef90e9a90/buttons.json	92	0	0	False
tmp-se-archive-discovery-result-20260824	tmp-se-archive-discovery/sites/factorio-maps.rmdir.app_cc8ef90e9a90/initial.html	636	0	0	False
tmp-se-archive-discovery-result-20260824	tmp-se-archive-discovery/sites/factorio-maps.rmdir.app_cc8ef90e9a90/links.json	3767	0	0	False
tmp-se-archive-discovery-result-20260824	tmp-se-archive-discovery/sites/factorio-maps.rmdir.app_cc8ef90e9a90/rendered.html	49211	0	0	False
tmp-se-archive-discovery-result-20260824	tmp-se-archive-discovery/sites/factorio-maps.rmdir.app_cc8ef90e9a90/static-urls.json	281	0	0	True
tmp-se-archive-discovery-result-20260824	tmp-se-archive-discovery/sites/factorio-maps.rmdir.app_cc8ef90e9a90/storage-and-text.json	1132	0	0	False
tmp-se-archive-discovery-result-20260824	tmp-se-archive-discovery/sites/factoriomaps.com_browse.html_140ce62d0389/buttons.json	2	0	0	False
tmp-se-archive-discovery-result-20260824	tmp-se-archive-discovery/sites/factoriomaps.com_browse.html_140ce62d0389/initial.html	5004	0	0	False
tmp-se-archive-discovery-result-20260824	tmp-se-archive-discovery/sites/factoriomaps.com_browse.html_140ce62d0389/links.json	26870	0	0	False
tmp-se-archive-discovery-result-20260824	tmp-se-archive-discovery/sites/factoriomaps.com_browse.html_140ce62d0389/static-urls.json	872	0	0	True
tmp-se-archive-discovery-result-20260824	tsconfig.app.json	454	0	0	False
tmp-se-archive-discovery-result-20260824	tsconfig.json	119	0	0	False
tmp-se-archive-discovery-result-20260824	tsconfig.node.json	653	0	0	False
tmp-se-asterixyz-modportal-20260824	.claude/settings.json	79	0	0	False
tmp-se-asterixyz-modportal-20260824	.github/workflows/claude-code-review.yml	1433	0	0	False
tmp-se-asterixyz-modportal-20260824	.github/workflows/claude.yml	1886	0	0	False
tmp-se-asterixyz-modportal-20260824	.github/workflows/fetch-recipes.yml	1324	0	0	False
tmp-se-asterixyz-modportal-20260824	.vscode/extensions.json	39	0	0	False
tmp-se-asterixyz-modportal-20260824	CLAUDE.md	9657	0	0	False
tmp-se-asterixyz-modportal-20260824	README.md	442	0	0	False
tmp-se-asterixyz-modportal-20260824	index.html	364	0	0	False
tmp-se-asterixyz-modportal-20260824	package-lock.json	68351	0	0	False
tmp-se-asterixyz-modportal-20260824	package.json	675	0	0	False
tmp-se-asterixyz-modportal-20260824	src/game/recipes.generated.json	3680	0	0	False
tmp-se-asterixyz-modportal-20260824	src/videos/belt_mechanics.txt	12303	0	0	False
tmp-se-asterixyz-modportal-20260824	tsconfig.app.json	454	0	0	False
tmp-se-asterixyz-modportal-20260824	tsconfig.json	119	0	0	False
tmp-se-asterixyz-modportal-20260824	tsconfig.node.json	653	0	0	False
tmp-se-asterixyz-modportal-result-20260824	.claude/settings.json	79	0	0	False
tmp-se-asterixyz-modportal-result-20260824	.github/workflows/claude-code-review.yml	1433	0	0	False
tmp-se-asterixyz-modportal-result-20260824	.github/workflows/claude.yml	1886	0	0	False
tmp-se-asterixyz-modportal-result-20260824	.github/workflows/fetch-recipes.yml	1324	0	0	False
tmp-se-asterixyz-modportal-result-20260824	.vscode/extensions.json	39	0	0	False
tmp-se-asterixyz-modportal-result-20260824	CLAUDE.md	9657	0	0	False
tmp-se-asterixyz-modportal-result-20260824	README.md	442	0	0	False
tmp-se-asterixyz-modportal-result-20260824	index.html	364	0	0	False
tmp-se-asterixyz-modportal-result-20260824	package-lock.json	68351	0	0	False
tmp-se-asterixyz-modportal-result-20260824	package.json	675	0	0	False
tmp-se-asterixyz-modportal-result-20260824	src/game/recipes.generated.json	3680	0	0	False
tmp-se-asterixyz-modportal-result-20260824	src/videos/belt_mechanics.txt	12303	0	0	False
tmp-se-asterixyz-modportal-result-20260824	tmp-se-asterixyz-modportal/listing_hits.json	6785	0	0	True
tmp-se-asterixyz-modportal-result-20260824	tmp-se-asterixyz-modportal/raw/misc_ca0984f0cadc.html	8	0	0	False
tmp-se-asterixyz-modportal-result-20260824	tmp-se-asterixyz-modportal/raw/misc_cd9877713ece.html	8	0	0	False
tmp-se-asterixyz-modportal-result-20260824	tmp-se-asterixyz-modportal/raw/search_9bd4b039610d.html	8	0	0	False
tmp-se-asterixyz-modportal-result-20260824	tmp-se-asterixyz-modportal/raw/search_c4d0089f8dbf.html	8	0	0	False
tmp-se-asterixyz-modportal-result-20260824	tsconfig.app.json	454	0	0	False
tmp-se-asterixyz-modportal-result-20260824	tsconfig.json	119	0	0	False
tmp-se-asterixyz-modportal-result-20260824	tsconfig.node.json	653	0	0	False
tmp-se-candidate-header-result-20260824	.claude/settings.json	79	0	0	False
tmp-se-candidate-header-result-20260824	.github/workflows/claude-code-review.yml	1433	0	0	False
tmp-se-candidate-header-result-20260824	.github/workflows/claude.yml	1886	0	0	False
tmp-se-candidate-header-result-20260824	.github/workflows/fetch-recipes.yml	1324	0	0	False
tmp-se-candidate-header-result-20260824	.vscode/extensions.json	39	0	0	False
tmp-se-candidate-header-result-20260824	CLAUDE.md	9657	0	0	False
tmp-se-candidate-header-result-20260824	README.md	442	0	0	False
tmp-se-candidate-header-result-20260824	index.html	364	0	0	False
tmp-se-candidate-header-result-20260824	package-lock.json	68351	0	0	False
tmp-se-candidate-header-result-20260824	package.json	675	0	0	False
tmp-se-candidate-header-result-20260824	src/game/recipes.generated.json	3680	0	0	False
tmp-se-candidate-header-result-20260824	src/videos/belt_mechanics.txt	12303	0	0	False
tmp-se-candidate-header-result-20260824	tmp-se-candidate-header/listings/factorissimo_k2se.txt	9662	0	0	True
tmp-se-candidate-header-result-20260824	tmp-se-candidate-header/listings/migration_workaround_0754.txt	13770	0	0	True
tmp-se-candidate-header-result-20260824	tmp-se-candidate-header/listings/miniloader_migration_06146.txt	39385	0	0	True
tmp-se-candidate-header-result-20260824	tsconfig.app.json	454	0	0	False
tmp-se-candidate-header-result-20260824	tsconfig.json	119	0	0	False
tmp-se-candidate-header-result-20260824	tsconfig.node.json	653	0	0	False
tmp-se-consolidate-history-20260824	.claude/settings.json	79	0	0	False
tmp-se-consolidate-history-20260824	.github/workflows/claude-code-review.yml	1433	0	0	False
tmp-se-consolidate-history-20260824	.github/workflows/claude.yml	1886	0	0	False
tmp-se-consolidate-history-20260824	.github/workflows/fetch-recipes.yml	1324	0	0	False
tmp-se-consolidate-history-20260824	.vscode/extensions.json	39	0	0	False
tmp-se-consolidate-history-20260824	CLAUDE.md	9657	0	0	False
tmp-se-consolidate-history-20260824	README.md	442	0	0	False
tmp-se-consolidate-history-20260824	index.html	364	0	0	False
tmp-se-consolidate-history-20260824	package-lock.json	68351	0	0	False
tmp-se-consolidate-history-20260824	package.json	675	0	0	False
tmp-se-consolidate-history-20260824	src/game/recipes.generated.json	3680	0	0	False
tmp-se-consolidate-history-20260824	src/videos/belt_mechanics.txt	12303	0	0	False
tmp-se-consolidate-history-20260824	tsconfig.app.json	454	0	0	False
tmp-se-consolidate-history-20260824	tsconfig.json	119	0	0	False
tmp-se-consolidate-history-20260824	tsconfig.node.json	653	0	0	False
tmp-se-current-headers-20260824	.claude/settings.json	79	0	0	False
tmp-se-current-headers-20260824	.github/workflows/claude-code-review.yml	1433	0	0	False
tmp-se-current-headers-20260824	.github/workflows/claude.yml	1886	0	0	False
tmp-se-current-headers-20260824	.github/workflows/fetch-recipes.yml	1324	0	0	False
tmp-se-current-headers-20260824	.vscode/extensions.json	39	0	0	False
tmp-se-current-headers-20260824	CLAUDE.md	9657	0	0	False
tmp-se-current-headers-20260824	README.md	442	0	0	False
tmp-se-current-headers-20260824	index.html	364	0	0	False
tmp-se-current-headers-20260824	package-lock.json	68351	0	0	False
tmp-se-current-headers-20260824	package.json	675	0	0	False
tmp-se-current-headers-20260824	src/game/recipes.generated.json	3680	0	0	False
tmp-se-current-headers-20260824	src/videos/belt_mechanics.txt	12303	0	0	False
tmp-se-current-headers-20260824	tsconfig.app.json	454	0	0	False
tmp-se-current-headers-20260824	tsconfig.json	119	0	0	False
tmp-se-current-headers-20260824	tsconfig.node.json	653	0	0	False
tmp-se-current-headers-result-20260824	.claude/settings.json	79	0	0	False
tmp-se-current-headers-result-20260824	.github/workflows/claude-code-review.yml	1433	0	0	False
tmp-se-current-headers-result-20260824	.github/workflows/claude.yml	1886	0	0	False
tmp-se-current-headers-result-20260824	.github/workflows/fetch-recipes.yml	1324	0	0	False
tmp-se-current-headers-result-20260824	.vscode/extensions.json	39	0	0	False
tmp-se-current-headers-result-20260824	CLAUDE.md	9657	0	0	False
tmp-se-current-headers-result-20260824	README.md	442	0	0	False
tmp-se-current-headers-result-20260824	index.html	364	0	0	False
tmp-se-current-headers-result-20260824	package-lock.json	68351	0	0	False
tmp-se-current-headers-result-20260824	package.json	675	0	0	False
tmp-se-current-headers-result-20260824	src/game/recipes.generated.json	3680	0	0	False
tmp-se-current-headers-result-20260824	src/videos/belt_mechanics.txt	12303	0	0	False
tmp-se-current-headers-result-20260824	tmp-se-current-headers/SUMMARY.txt	655	0	0	True
tmp-se-current-headers-result-20260824	tmp-se-current-headers/console.txt	655	0	0	True
tmp-se-current-headers-result-20260824	tmp-se-current-headers/summary.json	84	0	0	True
tmp-se-current-headers-result-20260824	tsconfig.app.json	454	0	0	False
tmp-se-current-headers-result-20260824	tsconfig.json	119	0	0	False
tmp-se-current-headers-result-20260824	tsconfig.node.json	653	0	0	False
tmp-se-current-server-result-20260825	.claude/settings.json	79	0	0	False
tmp-se-current-server-result-20260825	.github/workflows/claude-code-review.yml	1433	0	0	False
tmp-se-current-server-result-20260825	.github/workflows/claude.yml	1886	0	0	False
tmp-se-current-server-result-20260825	.github/workflows/fetch-recipes.yml	1324	0	0	False
tmp-se-current-server-result-20260825	.vscode/extensions.json	39	0	0	False
tmp-se-current-server-result-20260825	CLAUDE.md	9657	0	0	False
tmp-se-current-server-result-20260825	README.md	442	0	0	False
tmp-se-current-server-result-20260825	index.html	364	0	0	False
tmp-se-current-server-result-20260825	package-lock.json	68351	0	0	False
tmp-se-current-server-result-20260825	package.json	675	0	0	False
tmp-se-current-server-result-20260825	src/game/recipes.generated.json	3680	0	0	False
tmp-se-current-server-result-20260825	src/videos/belt_mechanics.txt	12303	0	0	False
tmp-se-current-server-result-20260825	tmp-se-current-server-scan/SUMMARY.txt	120	0	0	True
tmp-se-current-server-result-20260825	tmp-se-current-server-scan/details.json	2	0	0	False
tmp-se-current-server-result-20260825	tmp-se-current-server-scan/diagnostics.json	3730	0	0	False
tmp-se-current-server-result-20260825	tmp-se-current-server-scan/errors.json	2	0	0	True
tmp-se-current-server-result-20260825	tsconfig.app.json	454	0	0	False
tmp-se-current-server-result-20260825	tsconfig.json	119	0	0	False
tmp-se-current-server-result-20260825	tsconfig.node.json	653	0	0	False
tmp-se-drive-result-20260824	.claude/settings.json	79	0	0	False
tmp-se-drive-result-20260824	.github/workflows/claude-code-review.yml	1433	0	0	False
tmp-se-drive-result-20260824	.github/workflows/claude.yml	1886	0	0	False
tmp-se-drive-result-20260824	.github/workflows/fetch-recipes.yml	1324	0	0	False
tmp-se-drive-result-20260824	.vscode/extensions.json	39	0	0	False
tmp-se-drive-result-20260824	CLAUDE.md	9657	0	0	False
tmp-se-drive-result-20260824	README.md	442	0	0	False
tmp-se-drive-result-20260824	index.html	364	0	0	False
tmp-se-drive-result-20260824	package-lock.json	68351	0	0	False
tmp-se-drive-result-20260824	package.json	675	0	0	False
tmp-se-drive-result-20260824	src/game/recipes.generated.json	3680	0	0	False
tmp-se-drive-result-20260824	src/videos/belt_mechanics.txt	12303	0	0	False
tmp-se-drive-result-20260824	tmp-se-drive-scan/header-console.txt	1092	0	0	True
tmp-se-drive-result-20260824	tmp-se-drive-scan/header-summary.txt	1091	0	0	True
tmp-se-drive-result-20260824	tmp-se-drive-scan/listings/factorissimo_k2se.txt	16747	0	0	True
tmp-se-drive-result-20260824	tmp-se-drive-scan/listings/migration_workaround_0754.txt	17813	0	0	True
tmp-se-drive-result-20260824	tmp-se-drive-scan/listings/miniloader_migration_06146.txt	51462	0	0	True
tmp-se-drive-result-20260824	tmp-se-drive-scan/progression-console.txt	3	0	0	True
tmp-se-drive-result-20260824	tmp-se-drive-scan/progression-results.json	2	0	0	True
tmp-se-drive-result-20260824	tsconfig.app.json	454	0	0	False
tmp-se-drive-result-20260824	tsconfig.json	119	0	0	False
tmp-se-drive-result-20260824	tsconfig.node.json	653	0	0	False
tmp-se-exact-server-records-result-20260825	.claude/settings.json	79	0	0	False
tmp-se-exact-server-records-result-20260825	.github/workflows/claude-code-review.yml	1433	0	0	False
tmp-se-exact-server-records-result-20260825	.github/workflows/claude.yml	1886	0	0	False
tmp-se-exact-server-records-result-20260825	.github/workflows/fetch-recipes.yml	1324	0	0	False
tmp-se-exact-server-records-result-20260825	.vscode/extensions.json	39	0	0	False
tmp-se-exact-server-records-result-20260825	CLAUDE.md	9657	0	0	False
tmp-se-exact-server-records-result-20260825	README.md	442	0	0	False
tmp-se-exact-server-records-result-20260825	index.html	364	0	0	False
tmp-se-exact-server-records-result-20260825	package-lock.json	68351	0	0	False
tmp-se-exact-server-records-result-20260825	package.json	675	0	0	False
tmp-se-exact-server-records-result-20260825	src/game/recipes.generated.json	3680	0	0	False
tmp-se-exact-server-records-result-20260825	src/videos/belt_mechanics.txt	12303	0	0	False
tmp-se-exact-server-records-result-20260825	tmp-se-exact-server-records/live-errors.json	7548	0	0	True
tmp-se-exact-server-records-result-20260825	tsconfig.app.json	454	0	0	False
tmp-se-exact-server-records-result-20260825	tsconfig.json	119	0	0	False
tmp-se-exact-server-records-result-20260825	tsconfig.node.json	653	0	0	False
tmp-se-factoriomaps-20260824	.claude/settings.json	79	0	0	False
tmp-se-factoriomaps-20260824	.github/workflows/claude-code-review.yml	1433	0	0	False
tmp-se-factoriomaps-20260824	.github/workflows/claude.yml	1886	0	0	False
tmp-se-factoriomaps-20260824	.github/workflows/fetch-recipes.yml	1324	0	0	False
tmp-se-factoriomaps-20260824	.vscode/extensions.json	39	0	0	False
tmp-se-factoriomaps-20260824	CLAUDE.md	9657	0	0	False
tmp-se-factoriomaps-20260824	README.md	442	0	0	False
tmp-se-factoriomaps-20260824	index.html	364	0	0	False
tmp-se-factoriomaps-20260824	package-lock.json	68351	0	0	False
tmp-se-factoriomaps-20260824	package.json	675	0	0	False
tmp-se-factoriomaps-20260824	src/game/recipes.generated.json	3680	0	0	False
tmp-se-factoriomaps-20260824	src/videos/belt_mechanics.txt	12303	0	0	False
tmp-se-factoriomaps-20260824	tsconfig.app.json	454	0	0	False
tmp-se-factoriomaps-20260824	tsconfig.json	119	0	0	False
tmp-se-factoriomaps-20260824	tsconfig.node.json	653	0	0	False
tmp-se-factoriomaps-result-20260824	.claude/settings.json	79	0	0	False
tmp-se-factoriomaps-result-20260824	.github/workflows/claude-code-review.yml	1433	0	0	False
tmp-se-factoriomaps-result-20260824	.github/workflows/claude.yml	1886	0	0	False
tmp-se-factoriomaps-result-20260824	.github/workflows/fetch-recipes.yml	1324	0	0	False
tmp-se-factoriomaps-result-20260824	.vscode/extensions.json	39	0	0	False
tmp-se-factoriomaps-result-20260824	CLAUDE.md	9657	0	0	False
tmp-se-factoriomaps-result-20260824	README.md	442	0	0	False
tmp-se-factoriomaps-result-20260824	index.html	364	0	0	False
tmp-se-factoriomaps-result-20260824	package-lock.json	68351	0	0	False
tmp-se-factoriomaps-result-20260824	package.json	675	0	0	False
tmp-se-factoriomaps-result-20260824	src/game/recipes.generated.json	3680	0	0	False
tmp-se-factoriomaps-result-20260824	src/videos/belt_mechanics.txt	12303	0	0	False
tmp-se-factoriomaps-result-20260824	tmp-se-factoriomaps/console.txt	0	0	0	True
tmp-se-factoriomaps-result-20260824	tsconfig.app.json	454	0	0	False
tmp-se-factoriomaps-result-20260824	tsconfig.json	119	0	0	False
tmp-se-factoriomaps-result-20260824	tsconfig.node.json	653	0	0	False
tmp-se-game-id-range-result-20260825	.claude/settings.json	79	0	0	False
tmp-se-game-id-range-result-20260825	.github/workflows/claude-code-review.yml	1433	0	0	False
tmp-se-game-id-range-result-20260825	.github/workflows/claude.yml	1886	0	0	False
tmp-se-game-id-range-result-20260825	.github/workflows/fetch-recipes.yml	1324	0	0	False
tmp-se-game-id-range-result-20260825	.vscode/extensions.json	39	0	0	False
tmp-se-game-id-range-result-20260825	CLAUDE.md	9657	0	0	False
tmp-se-game-id-range-result-20260825	README.md	442	0	0	False
tmp-se-game-id-range-result-20260825	index.html	364	0	0	False
tmp-se-game-id-range-result-20260825	package-lock.json	68351	0	0	False
tmp-se-game-id-range-result-20260825	package.json	675	0	0	False
tmp-se-game-id-range-result-20260825	src/game/recipes.generated.json	3680	0	0	False
tmp-se-game-id-range-result-20260825	src/videos/belt_mechanics.txt	12303	0	0	False
tmp-se-game-id-range-result-20260825	tmp-se-game-id-range/errors.json	2	0	0	True
tmp-se-game-id-range-result-20260825	tsconfig.app.json	454	0	0	False
tmp-se-game-id-range-result-20260825	tsconfig.json	119	0	0	False
tmp-se-game-id-range-result-20260825	tsconfig.node.json	653	0	0	False
tmp-se-headless-final-result-20260824	.claude/settings.json	79	0	0	False
tmp-se-headless-final-result-20260824	.github/workflows/claude-code-review.yml	1433	0	0	False
tmp-se-headless-final-result-20260824	.github/workflows/claude.yml	1886	0	0	False
tmp-se-headless-final-result-20260824	.github/workflows/fetch-recipes.yml	1324	0	0	False
tmp-se-headless-final-result-20260824	.vscode/extensions.json	39	0	0	False
tmp-se-headless-final-result-20260824	CLAUDE.md	9657	0	0	False
tmp-se-headless-final-result-20260824	README.md	442	0	0	False
tmp-se-headless-final-result-20260824	index.html	364	0	0	False
tmp-se-headless-final-result-20260824	package-lock.json	68351	0	0	False
tmp-se-headless-final-result-20260824	package.json	675	0	0	False
tmp-se-headless-final-result-20260824	src/game/recipes.generated.json	3680	0	0	False
tmp-se-headless-final-result-20260824	src/videos/belt_mechanics.txt	12303	0	0	False
tmp-se-headless-final-result-20260824	tmp-se-headless-final/setup-console.txt	0	0	0	True
tmp-se-headless-final-result-20260824	tsconfig.app.json	454	0	0	False
tmp-se-headless-final-result-20260824	tsconfig.json	119	0	0	False
tmp-se-headless-final-result-20260824	tsconfig.node.json	653	0	0	False
tmp-se-headless-mirror-result-20260824	.claude/settings.json	79	0	0	False
tmp-se-headless-mirror-result-20260824	.github/workflows/claude-code-review.yml	1433	0	0	False
tmp-se-headless-mirror-result-20260824	.github/workflows/claude.yml	1886	0	0	False
tmp-se-headless-mirror-result-20260824	.github/workflows/fetch-recipes.yml	1324	0	0	False
tmp-se-headless-mirror-result-20260824	.vscode/extensions.json	39	0	0	False
tmp-se-headless-mirror-result-20260824	CLAUDE.md	9657	0	0	False
tmp-se-headless-mirror-result-20260824	README.md	442	0	0	False
tmp-se-headless-mirror-result-20260824	index.html	364	0	0	False
tmp-se-headless-mirror-result-20260824	package-lock.json	68351	0	0	False
tmp-se-headless-mirror-result-20260824	package.json	675	0	0	False
tmp-se-headless-mirror-result-20260824	src/game/recipes.generated.json	3680	0	0	False
tmp-se-headless-mirror-result-20260824	src/videos/belt_mechanics.txt	12303	0	0	False
tmp-se-headless-mirror-result-20260824	tmp-se-headless-mirror/setup-console.txt	0	0	0	True
tmp-se-headless-mirror-result-20260824	tsconfig.app.json	454	0	0	False
tmp-se-headless-mirror-result-20260824	tsconfig.json	119	0	0	False
tmp-se-headless-mirror-result-20260824	tsconfig.node.json	653	0	0	False
tmp-se-history-header-20260824	.claude/settings.json	79	0	0	False
tmp-se-history-header-20260824	.github/workflows/claude-code-review.yml	1433	0	0	False
tmp-se-history-header-20260824	.github/workflows/claude.yml	1886	0	0	False
tmp-se-history-header-20260824	.github/workflows/fetch-recipes.yml	1324	0	0	False
tmp-se-history-header-20260824	.vscode/extensions.json	39	0	0	False
tmp-se-history-header-20260824	CLAUDE.md	9657	0	0	False
tmp-se-history-header-20260824	README.md	442	0	0	False
tmp-se-history-header-20260824	index.html	364	0	0	False
tmp-se-history-header-20260824	package-lock.json	68351	0	0	False
tmp-se-history-header-20260824	package.json	675	0	0	False
tmp-se-history-header-20260824	src/game/recipes.generated.json	3680	0	0	False
tmp-se-history-header-20260824	src/videos/belt_mechanics.txt	12303	0	0	False
tmp-se-history-header-20260824	tsconfig.app.json	454	0	0	False
tmp-se-history-header-20260824	tsconfig.json	119	0	0	False
tmp-se-history-header-20260824	tsconfig.node.json	653	0	0	False
tmp-se-history-header-result-20260824	.claude/settings.json	79	0	0	False
tmp-se-history-header-result-20260824	.github/workflows/claude-code-review.yml	1433	0	0	False
tmp-se-history-header-result-20260824	.github/workflows/claude.yml	1886	0	0	False
tmp-se-history-header-result-20260824	.github/workflows/fetch-recipes.yml	1324	0	0	False
tmp-se-history-header-result-20260824	.vscode/extensions.json	39	0	0	False
tmp-se-history-header-result-20260824	CLAUDE.md	9657	0	0	False
tmp-se-history-header-result-20260824	README.md	442	0	0	False
tmp-se-history-header-result-20260824	index.html	364	0	0	False
tmp-se-history-header-result-20260824	package-lock.json	68351	0	0	False
tmp-se-history-header-result-20260824	package.json	675	0	0	False
tmp-se-history-header-result-20260824	src/game/recipes.generated.json	3680	0	0	False
tmp-se-history-header-result-20260824	src/videos/belt_mechanics.txt	12303	0	0	False
tmp-se-history-header-result-20260824	tmp-se-history-header/errors.json	1064	0	0	True
tmp-se-history-header-result-20260824	tmp-se-history-header/native-se07.json	2	0	0	True
tmp-se-history-header-result-20260824	tsconfig.app.json	454	0	0	False
tmp-se-history-header-result-20260824	tsconfig.json	119	0	0	False
tmp-se-history-header-result-20260824	tsconfig.node.json	653	0	0	False
tmp-se-history-result-20260824	.claude/settings.json	79	0	0	False
tmp-se-history-result-20260824	.github/workflows/claude-code-review.yml	1433	0	0	False
tmp-se-history-result-20260824	.github/workflows/claude.yml	1886	0	0	False
tmp-se-history-result-20260824	.github/workflows/fetch-recipes.yml	1324	0	0	False
tmp-se-history-result-20260824	.vscode/extensions.json	39	0	0	False
tmp-se-history-result-20260824	CLAUDE.md	9657	0	0	False
tmp-se-history-result-20260824	README.md	442	0	0	False
tmp-se-history-result-20260824	index.html	364	0	0	False
tmp-se-history-result-20260824	package-lock.json	68351	0	0	False
tmp-se-history-result-20260824	package.json	675	0	0	False
tmp-se-history-result-20260824	src/game/recipes.generated.json	3680	0	0	False
tmp-se-history-result-20260824	src/videos/belt_mechanics.txt	12303	0	0	False
tmp-se-history-result-20260824	tmp-se-history-scan/console.txt	0	0	0	True
tmp-se-history-result-20260824	tsconfig.app.json	454	0	0	False
tmp-se-history-result-20260824	tsconfig.json	119	0	0	False
tmp-se-history-result-20260824	tsconfig.node.json	653	0	0	False
tmp-se-madtorio-20260824	.claude/settings.json	79	0	0	False
tmp-se-madtorio-20260824	.github/workflows/claude-code-review.yml	1433	0	0	False
tmp-se-madtorio-20260824	.github/workflows/claude.yml	1886	0	0	False
tmp-se-madtorio-20260824	.github/workflows/fetch-recipes.yml	1324	0	0	False
tmp-se-madtorio-20260824	.vscode/extensions.json	39	0	0	False
tmp-se-madtorio-20260824	CLAUDE.md	9657	0	0	False
tmp-se-madtorio-20260824	README.md	442	0	0	False
tmp-se-madtorio-20260824	index.html	364	0	0	False
tmp-se-madtorio-20260824	package-lock.json	68351	0	0	False
tmp-se-madtorio-20260824	package.json	675	0	0	False
tmp-se-madtorio-20260824	src/game/recipes.generated.json	3680	0	0	False
tmp-se-madtorio-20260824	src/videos/belt_mechanics.txt	12303	0	0	False
tmp-se-madtorio-20260824	tsconfig.app.json	454	0	0	False
tmp-se-madtorio-20260824	tsconfig.json	119	0	0	False
tmp-se-madtorio-20260824	tsconfig.node.json	653	0	0	False
tmp-se-madtorio-result-20260824	.claude/settings.json	79	0	0	False
tmp-se-madtorio-result-20260824	.github/workflows/claude-code-review.yml	1433	0	0	False
tmp-se-madtorio-result-20260824	.github/workflows/claude.yml	1886	0	0	False
tmp-se-madtorio-result-20260824	.github/workflows/fetch-recipes.yml	1324	0	0	False
tmp-se-madtorio-result-20260824	.vscode/extensions.json	39	0	0	False
tmp-se-madtorio-result-20260824	CLAUDE.md	9657	0	0	False
tmp-se-madtorio-result-20260824	README.md	442	0	0	False
tmp-se-madtorio-result-20260824	index.html	364	0	0	False
tmp-se-madtorio-result-20260824	package-lock.json	68351	0	0	False
tmp-se-madtorio-result-20260824	package.json	675	0	0	False
tmp-se-madtorio-result-20260824	src/game/recipes.generated.json	3680	0	0	False
tmp-se-madtorio-result-20260824	src/videos/belt_mechanics.txt	12303	0	0	False
tmp-se-madtorio-result-20260824	tmp-se-madtorio/SUMMARY.txt	481	0	0	True
tmp-se-madtorio-result-20260824	tmp-se-madtorio/console.txt	481	0	0	True
tmp-se-madtorio-result-20260824	tsconfig.app.json	454	0	0	False
tmp-se-madtorio-result-20260824	tsconfig.json	119	0	0	False
tmp-se-madtorio-result-20260824	tsconfig.node.json	653	0	0	False
tmp-se-parser-fetch-20260825	.claude/settings.json	79	0	0	False
tmp-se-parser-fetch-20260825	.github/workflows/claude-code-review.yml	1433	0	0	False
tmp-se-parser-fetch-20260825	.github/workflows/claude.yml	1886	0	0	False
tmp-se-parser-fetch-20260825	.github/workflows/fetch-recipes.yml	1324	0	0	False
tmp-se-parser-fetch-20260825	.vscode/extensions.json	39	0	0	False
tmp-se-parser-fetch-20260825	CLAUDE.md	9657	0	0	False
tmp-se-parser-fetch-20260825	README.md	442	0	0	False
tmp-se-parser-fetch-20260825	index.html	364	0	0	False
tmp-se-parser-fetch-20260825	package-lock.json	68351	0	0	False
tmp-se-parser-fetch-20260825	package.json	675	0	0	False
tmp-se-parser-fetch-20260825	src/game/recipes.generated.json	3680	0	0	False
tmp-se-parser-fetch-20260825	src/videos/belt_mechanics.txt	12303	0	0	False
tmp-se-parser-fetch-20260825	tsconfig.app.json	454	0	0	False
tmp-se-parser-fetch-20260825	tsconfig.json	119	0	0	False
tmp-se-parser-fetch-20260825	tsconfig.node.json	653	0	0	False
tmp-se-parser-fetch-result-20260825	.claude/settings.json	79	0	0	False
tmp-se-parser-fetch-result-20260825	.github/workflows/claude-code-review.yml	1433	0	0	False
tmp-se-parser-fetch-result-20260825	.github/workflows/claude.yml	1886	0	0	False
tmp-se-parser-fetch-result-20260825	.github/workflows/fetch-recipes.yml	1324	0	0	False
tmp-se-parser-fetch-result-20260825	.vscode/extensions.json	39	0	0	False
tmp-se-parser-fetch-result-20260825	CLAUDE.md	9657	0	0	False
tmp-se-parser-fetch-result-20260825	README.md	442	0	0	False
tmp-se-parser-fetch-result-20260825	index.html	364	0	0	False
tmp-se-parser-fetch-result-20260825	package-lock.json	68351	0	0	False
tmp-se-parser-fetch-result-20260825	package.json	675	0	0	False
tmp-se-parser-fetch-result-20260825	src/game/recipes.generated.json	3680	0	0	False
tmp-se-parser-fetch-result-20260825	src/videos/belt_mechanics.txt	12303	0	0	False
tmp-se-parser-fetch-result-20260825	tmp-se-parser-fetch/parser/metadata.json	563	0	0	False
tmp-se-parser-fetch-result-20260825	tmp-se-parser-fetch/parser/package_source/__init__.py	722	0	0	False
tmp-se-parser-fetch-result-20260825	tmp-se-parser-fetch/parser/package_source/disown.py	1130	0	0	False
tmp-se-parser-fetch-result-20260825	tmp-se-parser-fetch/parser/package_source/multi.py	15750	0	0	False
tmp-se-parser-fetch-result-20260825	tmp-se-parser-fetch/parser/package_source/parse.py	9708	0	0	False
tmp-se-parser-fetch-result-20260825	tmp-se-parser-fetch/parser/package_source/ping.py	6913	0	0	False
tmp-se-parser-fetch-result-20260825	tsconfig.app.json	454	0	0	False
tmp-se-parser-fetch-result-20260825	tsconfig.json	119	0	0	False
tmp-se-parser-fetch-result-20260825	tsconfig.node.json	653	0	0	False
tmp-se-redmew-rerun-result-20260824	.claude/settings.json	79	0	0	False
tmp-se-redmew-rerun-result-20260824	.github/workflows/claude-code-review.yml	1433	0	0	False
tmp-se-redmew-rerun-result-20260824	.github/workflows/claude.yml	1886	0	0	False
tmp-se-redmew-rerun-result-20260824	.github/workflows/fetch-recipes.yml	1324	0	0	False
tmp-se-redmew-rerun-result-20260824	.vscode/extensions.json	39	0	0	False
tmp-se-redmew-rerun-result-20260824	CLAUDE.md	9657	0	0	False
tmp-se-redmew-rerun-result-20260824	README.md	442	0	0	False
tmp-se-redmew-rerun-result-20260824	index.html	364	0	0	False
tmp-se-redmew-rerun-result-20260824	package-lock.json	68351	0	0	False
tmp-se-redmew-rerun-result-20260824	package.json	675	0	0	False
tmp-se-redmew-rerun-result-20260824	src/game/recipes.generated.json	3680	0	0	False
tmp-se-redmew-rerun-result-20260824	src/videos/belt_mechanics.txt	12303	0	0	False
tmp-se-redmew-rerun-result-20260824	tsconfig.app.json	454	0	0	False
tmp-se-redmew-rerun-result-20260824	tsconfig.json	119	0	0	False
tmp-se-redmew-rerun-result-20260824	tsconfig.node.json	653	0	0	False
tmp-se-redmew-result-20260824	.claude/settings.json	79	0	0	False
tmp-se-redmew-result-20260824	.github/workflows/claude-code-review.yml	1433	0	0	False
tmp-se-redmew-result-20260824	.github/workflows/claude.yml	1886	0	0	False
tmp-se-redmew-result-20260824	.github/workflows/fetch-recipes.yml	1324	0	0	False
tmp-se-redmew-result-20260824	.vscode/extensions.json	39	0	0	False
tmp-se-redmew-result-20260824	CLAUDE.md	9657	0	0	False
tmp-se-redmew-result-20260824	README.md	442	0	0	False
tmp-se-redmew-result-20260824	index.html	364	0	0	False
tmp-se-redmew-result-20260824	package-lock.json	68351	0	0	False
tmp-se-redmew-result-20260824	package.json	675	0	0	False
tmp-se-redmew-result-20260824	src/game/recipes.generated.json	3680	0	0	False
tmp-se-redmew-result-20260824	src/videos/belt_mechanics.txt	12303	0	0	False
tmp-se-redmew-result-20260824	tmp-se-redmew/grade.json	100	0	0	False
tmp-se-redmew-result-20260824	tmp-se-redmew/mod-failure-count.txt	2	0	0	False
tmp-se-redmew-result-20260824	tmp-se-redmew/setup-console.txt	0	0	0	True
tmp-se-redmew-result-20260824	tsconfig.app.json	454	0	0	False
tmp-se-redmew-result-20260824	tsconfig.json	119	0	0	False
tmp-se-redmew-result-20260824	tsconfig.node.json	653	0	0	False
tmp-se-redmew-retry-20260824	.claude/settings.json	79	0	0	False
tmp-se-redmew-retry-20260824	.github/workflows/claude-code-review.yml	1433	0	0	False
tmp-se-redmew-retry-20260824	.github/workflows/claude.yml	1886	0	0	False
tmp-se-redmew-retry-20260824	.github/workflows/fetch-recipes.yml	1324	0	0	False
tmp-se-redmew-retry-20260824	.vscode/extensions.json	39	0	0	False
tmp-se-redmew-retry-20260824	CLAUDE.md	9657	0	0	False
tmp-se-redmew-retry-20260824	README.md	442	0	0	False
tmp-se-redmew-retry-20260824	index.html	364	0	0	False
tmp-se-redmew-retry-20260824	package-lock.json	68351	0	0	False
tmp-se-redmew-retry-20260824	package.json	675	0	0	False
tmp-se-redmew-retry-20260824	src/game/recipes.generated.json	3680	0	0	False
tmp-se-redmew-retry-20260824	src/videos/belt_mechanics.txt	12303	0	0	False
tmp-se-redmew-retry-20260824	tsconfig.app.json	454	0	0	False
tmp-se-redmew-retry-20260824	tsconfig.json	119	0	0	False
tmp-se-redmew-retry-20260824	tsconfig.node.json	653	0	0	False
tmp-se-redmew-retry-result-20260824	.claude/settings.json	79	0	0	False
tmp-se-redmew-retry-result-20260824	.github/workflows/claude-code-review.yml	1433	0	0	False
tmp-se-redmew-retry-result-20260824	.github/workflows/claude.yml	1886	0	0	False
tmp-se-redmew-retry-result-20260824	.github/workflows/fetch-recipes.yml	1324	0	0	False
tmp-se-redmew-retry-result-20260824	.vscode/extensions.json	39	0	0	False
tmp-se-redmew-retry-result-20260824	CLAUDE.md	9657	0	0	False
tmp-se-redmew-retry-result-20260824	README.md	442	0	0	False
tmp-se-redmew-retry-result-20260824	index.html	364	0	0	False
tmp-se-redmew-retry-result-20260824	package-lock.json	68351	0	0	False
tmp-se-redmew-retry-result-20260824	package.json	675	0	0	False
tmp-se-redmew-retry-result-20260824	src/game/recipes.generated.json	3680	0	0	False
tmp-se-redmew-retry-result-20260824	src/videos/belt_mechanics.txt	12303	0	0	False
tmp-se-redmew-retry-result-20260824	tmp-se-redmew-retry/grade.json	137	0	0	False
tmp-se-redmew-retry-result-20260824	tmp-se-redmew-retry/mod-failure-count.txt	2	0	0	False
tmp-se-redmew-retry-result-20260824	tmp-se-redmew-retry/setup-console.txt	0	0	0	True
tmp-se-redmew-retry-result-20260824	tsconfig.app.json	454	0	0	False
tmp-se-redmew-retry-result-20260824	tsconfig.json	119	0	0	False
tmp-se-redmew-retry-result-20260824	tsconfig.node.json	653	0	0	False
tmp-se-redmew-trigger	.claude/settings.json	79	0	0	False
tmp-se-redmew-trigger	.github/workflows/claude-code-review.yml	1433	0	0	False
tmp-se-redmew-trigger	.github/workflows/claude.yml	1886	0	0	False
tmp-se-redmew-trigger	.github/workflows/fetch-recipes.yml	1324	0	0	False
tmp-se-redmew-trigger	.vscode/extensions.json	39	0	0	False
tmp-se-redmew-trigger	CLAUDE.md	9657	0	0	False
tmp-se-redmew-trigger	README.md	442	0	0	False
tmp-se-redmew-trigger	index.html	364	0	0	False
tmp-se-redmew-trigger	package-lock.json	68351	0	0	False
tmp-se-redmew-trigger	package.json	675	0	0	False
tmp-se-redmew-trigger	src/game/recipes.generated.json	3680	0	0	False
tmp-se-redmew-trigger	src/videos/belt_mechanics.txt	12303	0	0	False
tmp-se-redmew-trigger	tsconfig.app.json	454	0	0	False
tmp-se-redmew-trigger	tsconfig.json	119	0	0	False
tmp-se-redmew-trigger	tsconfig.node.json	653	0	0	False
tmp-se-redmew-workflow-copy	.claude/settings.json	79	0	0	False
tmp-se-redmew-workflow-copy	.github/workflows/claude-code-review.yml	1433	0	0	False
tmp-se-redmew-workflow-copy	.github/workflows/claude.yml	1886	0	0	False
tmp-se-redmew-workflow-copy	.github/workflows/fetch-recipes.yml	1324	0	0	False
tmp-se-redmew-workflow-copy	.vscode/extensions.json	39	0	0	False
tmp-se-redmew-workflow-copy	CLAUDE.md	9657	0	0	False
tmp-se-redmew-workflow-copy	README.md	442	0	0	False
tmp-se-redmew-workflow-copy	index.html	364	0	0	False
tmp-se-redmew-workflow-copy	package-lock.json	68351	0	0	False
tmp-se-redmew-workflow-copy	package.json	675	0	0	False
tmp-se-redmew-workflow-copy	src/game/recipes.generated.json	3680	0	0	False
tmp-se-redmew-workflow-copy	src/videos/belt_mechanics.txt	12303	0	0	False
tmp-se-redmew-workflow-copy	tsconfig.app.json	454	0	0	False
tmp-se-redmew-workflow-copy	tsconfig.json	119	0	0	False
tmp-se-redmew-workflow-copy	tsconfig.node.json	653	0	0	False
tmp-se-redmew-workflow-mainbase	.claude/settings.json	79	0	0	False
tmp-se-redmew-workflow-mainbase	.github/workflows/claude-code-review.yml	1433	0	0	False
tmp-se-redmew-workflow-mainbase	.github/workflows/claude.yml	1886	0	0	False
tmp-se-redmew-workflow-mainbase	.github/workflows/fetch-recipes.yml	1324	0	0	False
tmp-se-redmew-workflow-mainbase	.vscode/extensions.json	39	0	0	False
tmp-se-redmew-workflow-mainbase	CLAUDE.md	9657	0	0	False
tmp-se-redmew-workflow-mainbase	README.md	442	0	0	False
tmp-se-redmew-workflow-mainbase	index.html	364	0	0	False
tmp-se-redmew-workflow-mainbase	package-lock.json	68351	0	0	False
tmp-se-redmew-workflow-mainbase	package.json	675	0	0	False
tmp-se-redmew-workflow-mainbase	src/game/recipes.generated.json	3680	0	0	False
tmp-se-redmew-workflow-mainbase	src/videos/belt_mechanics.txt	12303	0	0	False
tmp-se-redmew-workflow-mainbase	tsconfig.app.json	454	0	0	False
tmp-se-redmew-workflow-mainbase	tsconfig.json	119	0	0	False
tmp-se-redmew-workflow-mainbase	tsconfig.node.json	653	0	0	False
tmp-se-repo-scan-result-20260824	.claude/settings.json	79	0	0	False
tmp-se-repo-scan-result-20260824	.github/workflows/claude-code-review.yml	1433	0	0	False
tmp-se-repo-scan-result-20260824	.github/workflows/claude.yml	1886	0	0	False
tmp-se-repo-scan-result-20260824	.github/workflows/fetch-recipes.yml	1324	0	0	False
tmp-se-repo-scan-result-20260824	.vscode/extensions.json	39	0	0	False
tmp-se-repo-scan-result-20260824	CLAUDE.md	9657	0	0	False
tmp-se-repo-scan-result-20260824	README.md	442	0	0	False
tmp-se-repo-scan-result-20260824	index.html	364	0	0	False
tmp-se-repo-scan-result-20260824	package-lock.json	68351	0	0	False
tmp-se-repo-scan-result-20260824	package.json	675	0	0	False
tmp-se-repo-scan-result-20260824	src/game/recipes.generated.json	3680	0	0	False
tmp-se-repo-scan-result-20260824	src/videos/belt_mechanics.txt	12303	0	0	False
tmp-se-repo-scan-result-20260824	tmp-se-repo-scan/native-se07-candidates.json	2	0	0	True
tmp-se-repo-scan-result-20260824	tsconfig.app.json	454	0	0	False
tmp-se-repo-scan-result-20260824	tsconfig.json	119	0	0	False
tmp-se-repo-scan-result-20260824	tsconfig.node.json	653	0	0	False
tmp-se-save-fetch-20260824	.claude/settings.json	79	0	0	False
tmp-se-save-fetch-20260824	.github/workflows/claude-code-review.yml	1433	0	0	False
tmp-se-save-fetch-20260824	.github/workflows/claude.yml	1886	0	0	False
tmp-se-save-fetch-20260824	.github/workflows/fetch-recipes.yml	1324	0	0	False
tmp-se-save-fetch-20260824	.vscode/extensions.json	39	0	0	False
tmp-se-save-fetch-20260824	CLAUDE.md	9657	0	0	False
tmp-se-save-fetch-20260824	README.md	442	0	0	False
tmp-se-save-fetch-20260824	index.html	364	0	0	False
tmp-se-save-fetch-20260824	package-lock.json	68351	0	0	False
tmp-se-save-fetch-20260824	package.json	675	0	0	False
tmp-se-save-fetch-20260824	src/game/recipes.generated.json	3680	0	0	False
tmp-se-save-fetch-20260824	src/videos/belt_mechanics.txt	12303	0	0	False
tmp-se-save-fetch-20260824	tsconfig.app.json	454	0	0	False
tmp-se-save-fetch-20260824	tsconfig.json	119	0	0	False
tmp-se-save-fetch-20260824	tsconfig.node.json	653	0	0	False
tmp-se-save-result-20260824	.claude/settings.json	79	0	0	False
tmp-se-save-result-20260824	.github/workflows/claude-code-review.yml	1433	0	0	False
tmp-se-save-result-20260824	.github/workflows/claude.yml	1886	0	0	False
tmp-se-save-result-20260824	.github/workflows/fetch-recipes.yml	1324	0	0	False
tmp-se-save-result-20260824	.vscode/extensions.json	39	0	0	False
tmp-se-save-result-20260824	CLAUDE.md	9657	0	0	False
tmp-se-save-result-20260824	README.md	442	0	0	False
tmp-se-save-result-20260824	index.html	364	0	0	False
tmp-se-save-result-20260824	package-lock.json	68351	0	0	False
tmp-se-save-result-20260824	package.json	675	0	0	False
tmp-se-save-result-20260824	src/game/recipes.generated.json	3680	0	0	False
tmp-se-save-result-20260824	src/videos/belt_mechanics.txt	12303	0	0	False
tmp-se-save-result-20260824	tmp-se-youtube-search/bold-viking.json	572	0	0	False
tmp-se-save-result-20260824	tmp-se-youtube-search/potential-save-links.json	2	0	0	False
tmp-se-save-result-20260824	tmp-se-youtube-search/potential-save-links.txt	0	0	0	False
tmp-se-save-result-20260824	tmp-se-youtube-search/search-stderr.txt	0	0	0	False
tmp-se-save-result-20260824	tmp-se-youtube-search/summary.txt	29	0	0	True
tmp-se-save-result-20260824	tsconfig.app.json	454	0	0	False
tmp-se-save-result-20260824	tsconfig.json	119	0	0	False
tmp-se-save-result-20260824	tsconfig.node.json	653	0	0	False
tmp-se-script-decode-result-20260824	.claude/settings.json	79	0	0	False
tmp-se-script-decode-result-20260824	.github/workflows/claude-code-review.yml	1433	0	0	False
tmp-se-script-decode-result-20260824	.github/workflows/claude.yml	1886	0	0	False
tmp-se-script-decode-result-20260824	.github/workflows/fetch-recipes.yml	1324	0	0	False
tmp-se-script-decode-result-20260824	.vscode/extensions.json	39	0	0	False
tmp-se-script-decode-result-20260824	CLAUDE.md	9657	0	0	False
tmp-se-script-decode-result-20260824	README.md	442	0	0	False
tmp-se-script-decode-result-20260824	index.html	364	0	0	False
tmp-se-script-decode-result-20260824	package-lock.json	68351	0	0	False
tmp-se-script-decode-result-20260824	package.json	675	0	0	False
tmp-se-script-decode-result-20260824	src/game/recipes.generated.json	3680	0	0	False
tmp-se-script-decode-result-20260824	src/videos/belt_mechanics.txt	12303	0	0	False
tmp-se-script-decode-result-20260824	tmp-se-script-decode/console.txt	0	0	0	True
tmp-se-script-decode-result-20260824	tmp-se-script-decode/migration_workaround_0754/summary.json	793	0	0	True
tmp-se-script-decode-result-20260824	tmp-se-script-decode/miniloader_migration_06146/summary.json	794	0	0	True
tmp-se-script-decode-result-20260824	tsconfig.app.json	454	0	0	False
tmp-se-script-decode-result-20260824	tsconfig.json	119	0	0	False
tmp-se-script-decode-result-20260824	tsconfig.node.json	653	0	0	False
tmp-se-server-browser-20260824	.claude/settings.json	79	0	0	False
tmp-se-server-browser-20260824	.github/workflows/claude-code-review.yml	1433	0	0	False
tmp-se-server-browser-20260824	.github/workflows/claude.yml	1886	0	0	False
tmp-se-server-browser-20260824	.github/workflows/fetch-recipes.yml	1324	0	0	False
tmp-se-server-browser-20260824	.vscode/extensions.json	39	0	0	False
tmp-se-server-browser-20260824	CLAUDE.md	9657	0	0	False
tmp-se-server-browser-20260824	README.md	442	0	0	False
tmp-se-server-browser-20260824	index.html	364	0	0	False
tmp-se-server-browser-20260824	package-lock.json	68351	0	0	False
tmp-se-server-browser-20260824	package.json	675	0	0	False
tmp-se-server-browser-20260824	src/game/recipes.generated.json	3680	0	0	False
tmp-se-server-browser-20260824	src/videos/belt_mechanics.txt	12303	0	0	False
tmp-se-server-browser-20260824	tsconfig.app.json	454	0	0	False
tmp-se-server-browser-20260824	tsconfig.json	119	0	0	False
tmp-se-server-browser-20260824	tsconfig.node.json	653	0	0	False
tmp-se-server-browser-result-20260824	.claude/settings.json	79	0	0	False
tmp-se-server-browser-result-20260824	.github/workflows/claude-code-review.yml	1433	0	0	False
tmp-se-server-browser-result-20260824	.github/workflows/claude.yml	1886	0	0	False
tmp-se-server-browser-result-20260824	.github/workflows/fetch-recipes.yml	1324	0	0	False
tmp-se-server-browser-result-20260824	.vscode/extensions.json	39	0	0	False
tmp-se-server-browser-result-20260824	CLAUDE.md	9657	0	0	False
tmp-se-server-browser-result-20260824	README.md	442	0	0	False
tmp-se-server-browser-result-20260824	index.html	364	0	0	False
tmp-se-server-browser-result-20260824	package-lock.json	68351	0	0	False
tmp-se-server-browser-result-20260824	package.json	675	0	0	False
tmp-se-server-browser-result-20260824	src/game/recipes.generated.json	3680	0	0	False
tmp-se-server-browser-result-20260824	src/videos/belt_mechanics.txt	12303	0	0	False
tmp-se-server-browser-result-20260824	tmp-se-server-browser/help-2.0.77.txt	8345	0	0	False
tmp-se-server-browser-result-20260824	tmp-se-server-browser/help-2.1.14.txt	8035	0	0	False
tmp-se-server-browser-result-20260824	tmp-se-server-browser/mp-connect-2.0.77.log	8384	0	0	False
tmp-se-server-browser-result-20260824	tmp-se-server-browser/mp-connect-2.1.14.log	8074	0	0	False
tmp-se-server-browser-result-20260824	tmp-se-server-browser/server-links.txt	4829	0	0	False
tmp-se-server-browser-result-20260824	tsconfig.app.json	454	0	0	False
tmp-se-server-browser-result-20260824	tsconfig.json	119	0	0	False
tmp-se-server-browser-result-20260824	tsconfig.node.json	653	0	0	False
tmp-se-speedrun-result-20260824	.claude/settings.json	79	0	0	False
tmp-se-speedrun-result-20260824	.github/workflows/claude-code-review.yml	1433	0	0	False
tmp-se-speedrun-result-20260824	.github/workflows/claude.yml	1886	0	0	False
tmp-se-speedrun-result-20260824	.github/workflows/fetch-recipes.yml	1324	0	0	False
tmp-se-speedrun-result-20260824	.vscode/extensions.json	39	0	0	False
tmp-se-speedrun-result-20260824	CLAUDE.md	9657	0	0	False
tmp-se-speedrun-result-20260824	README.md	442	0	0	False
tmp-se-speedrun-result-20260824	index.html	364	0	0	False
tmp-se-speedrun-result-20260824	package-lock.json	68351	0	0	False
tmp-se-speedrun-result-20260824	package.json	675	0	0	False
tmp-se-speedrun-result-20260824	src/game/recipes.generated.json	3680	0	0	False
tmp-se-speedrun-result-20260824	src/videos/belt_mechanics.txt	12303	0	0	False
tmp-se-speedrun-result-20260824	tmp-se-speedrun-search/downloads.json	2	0	0	False
tmp-se-speedrun-result-20260824	tmp-se-speedrun-search/errors.json	2	0	0	True
tmp-se-speedrun-result-20260824	tmp-se-speedrun-search/games.json	7175	0	0	False
tmp-se-speedrun-result-20260824	tmp-se-speedrun-search/matching-text.json	2	0	0	True
tmp-se-speedrun-result-20260824	tsconfig.app.json	454	0	0	False
tmp-se-speedrun-result-20260824	tsconfig.json	119	0	0	False
tmp-se-speedrun-result-20260824	tsconfig.node.json	653	0	0	False
tmp-se-video-api-result-20260824	.claude/settings.json	79	0	0	False
tmp-se-video-api-result-20260824	.github/workflows/claude-code-review.yml	1433	0	0	False
tmp-se-video-api-result-20260824	.github/workflows/claude.yml	1886	0	0	False
tmp-se-video-api-result-20260824	.github/workflows/fetch-recipes.yml	1324	0	0	False
tmp-se-video-api-result-20260824	.vscode/extensions.json	39	0	0	False
tmp-se-video-api-result-20260824	CLAUDE.md	9657	0	0	False
tmp-se-video-api-result-20260824	README.md	442	0	0	False
tmp-se-video-api-result-20260824	index.html	364	0	0	False
tmp-se-video-api-result-20260824	package-lock.json	68351	0	0	False
tmp-se-video-api-result-20260824	package.json	675	0	0	False
tmp-se-video-api-result-20260824	src/game/recipes.generated.json	3680	0	0	False
tmp-se-video-api-result-20260824	src/videos/belt_mechanics.txt	12303	0	0	False
tmp-se-video-api-result-20260824	tmp-se-video-api-search/console.txt	123	0	0	True
tmp-se-video-api-result-20260824	tmp-se-video-api-search/exact-bold-viking.json	138	0	0	False
tmp-se-video-api-result-20260824	tmp-se-video-api-search/save-links.json	2	0	0	False
tmp-se-video-api-result-20260824	tmp-se-video-api-search/save-links.txt	0	0	0	False
tmp-se-video-api-result-20260824	tmp-se-video-api-search/summary.json	122	0	0	True
tmp-se-video-api-result-20260824	tmp-se-video-api-search/videos.json	138	0	0	False
tmp-se-video-api-result-20260824	tmp-se-video-api-search/working-instances.json	86	0	0	False
tmp-se-video-api-result-20260824	tsconfig.app.json	454	0	0	False
tmp-se-video-api-result-20260824	tsconfig.json	119	0	0	False
tmp-se-video-api-result-20260824	tsconfig.node.json	653	0	0	False
tmp-se-youtube-alt-20260824	.claude/settings.json	79	0	0	False
tmp-se-youtube-alt-20260824	.github/workflows/claude-code-review.yml	1433	0	0	False
tmp-se-youtube-alt-20260824	.github/workflows/claude.yml	1886	0	0	False
tmp-se-youtube-alt-20260824	.github/workflows/fetch-recipes.yml	1324	0	0	False
tmp-se-youtube-alt-20260824	.vscode/extensions.json	39	0	0	False
tmp-se-youtube-alt-20260824	CLAUDE.md	9657	0	0	False
tmp-se-youtube-alt-20260824	README.md	442	0	0	False
tmp-se-youtube-alt-20260824	index.html	364	0	0	False
tmp-se-youtube-alt-20260824	package-lock.json	68351	0	0	False
tmp-se-youtube-alt-20260824	package.json	675	0	0	False
tmp-se-youtube-alt-20260824	src/game/recipes.generated.json	3680	0	0	False
tmp-se-youtube-alt-20260824	src/videos/belt_mechanics.txt	12303	0	0	False
tmp-se-youtube-alt-20260824	tsconfig.app.json	454	0	0	False
tmp-se-youtube-alt-20260824	tsconfig.json	119	0	0	False
tmp-se-youtube-alt-20260824	tsconfig.node.json	653	0	0	False
tmp-se-youtube-alt-result-20260824	.claude/settings.json	79	0	0	False
tmp-se-youtube-alt-result-20260824	.github/workflows/claude-code-review.yml	1433	0	0	False
tmp-se-youtube-alt-result-20260824	.github/workflows/claude.yml	1886	0	0	False
tmp-se-youtube-alt-result-20260824	.github/workflows/fetch-recipes.yml	1324	0	0	False
tmp-se-youtube-alt-result-20260824	.vscode/extensions.json	39	0	0	False
tmp-se-youtube-alt-result-20260824	CLAUDE.md	9657	0	0	False
tmp-se-youtube-alt-result-20260824	README.md	442	0	0	False
tmp-se-youtube-alt-result-20260824	index.html	364	0	0	False
tmp-se-youtube-alt-result-20260824	package-lock.json	68351	0	0	False
tmp-se-youtube-alt-result-20260824	package.json	675	0	0	False
tmp-se-youtube-alt-result-20260824	src/game/recipes.generated.json	3680	0	0	False
tmp-se-youtube-alt-result-20260824	src/videos/belt_mechanics.txt	12303	0	0	False
tmp-se-youtube-alt-result-20260824	tmp-se-youtube-alt/console.txt	368	0	0	True
tmp-se-youtube-alt-result-20260824	tsconfig.app.json	454	0	0	False
tmp-se-youtube-alt-result-20260824	tsconfig.json	119	0	0	False
tmp-se-youtube-alt-result-20260824	tsconfig.node.json	653	0	0	False
tmp-se-youtube-alt2-20260824	.claude/settings.json	79	0	0	False
tmp-se-youtube-alt2-20260824	.github/workflows/claude-code-review.yml	1433	0	0	False
tmp-se-youtube-alt2-20260824	.github/workflows/claude.yml	1886	0	0	False
tmp-se-youtube-alt2-20260824	.github/workflows/fetch-recipes.yml	1324	0	0	False
tmp-se-youtube-alt2-20260824	.vscode/extensions.json	39	0	0	False
tmp-se-youtube-alt2-20260824	CLAUDE.md	9657	0	0	False
tmp-se-youtube-alt2-20260824	README.md	442	0	0	False
tmp-se-youtube-alt2-20260824	index.html	364	0	0	False
tmp-se-youtube-alt2-20260824	package-lock.json	68351	0	0	False
tmp-se-youtube-alt2-20260824	package.json	675	0	0	False
tmp-se-youtube-alt2-20260824	src/game/recipes.generated.json	3680	0	0	False
tmp-se-youtube-alt2-20260824	src/videos/belt_mechanics.txt	12303	0	0	False
tmp-se-youtube-alt2-20260824	tsconfig.app.json	454	0	0	False
tmp-se-youtube-alt2-20260824	tsconfig.json	119	0	0	False
tmp-se-youtube-alt2-20260824	tsconfig.node.json	653	0	0	False
tmp-se-youtube-deep-result-20260824	.claude/settings.json	79	0	0	False
tmp-se-youtube-deep-result-20260824	.github/workflows/claude-code-review.yml	1433	0	0	False
tmp-se-youtube-deep-result-20260824	.github/workflows/claude.yml	1886	0	0	False
tmp-se-youtube-deep-result-20260824	.github/workflows/fetch-recipes.yml	1324	0	0	False
tmp-se-youtube-deep-result-20260824	.vscode/extensions.json	39	0	0	False
tmp-se-youtube-deep-result-20260824	CLAUDE.md	9657	0	0	False
tmp-se-youtube-deep-result-20260824	README.md	442	0	0	False
tmp-se-youtube-deep-result-20260824	index.html	364	0	0	False
tmp-se-youtube-deep-result-20260824	package-lock.json	68351	0	0	False
tmp-se-youtube-deep-result-20260824	package.json	675	0	0	False
tmp-se-youtube-deep-result-20260824	src/game/recipes.generated.json	3680	0	0	False
tmp-se-youtube-deep-result-20260824	src/videos/belt_mechanics.txt	12303	0	0	False
tmp-se-youtube-deep-result-20260824	tmp-se-youtube-deep/SUMMARY.txt	136	0	0	True
tmp-se-youtube-deep-result-20260824	tmp-se-youtube-deep/console.txt	155	0	0	True
tmp-se-youtube-deep-result-20260824	tmp-se-youtube-deep/errors.json	297622	0	0	True
tmp-se-youtube-deep-result-20260824	tmp-se-youtube-deep/external-links.json	2	0	0	False
tmp-se-youtube-deep-result-20260824	tmp-se-youtube-deep/interesting.json	2	0	0	False
tmp-se-youtube-deep-result-20260824	tmp-se-youtube-deep/videos.json	2	0	0	False
tmp-se-youtube-deep-result-20260824	tsconfig.app.json	454	0	0	False
tmp-se-youtube-deep-result-20260824	tsconfig.json	119	0	0	False
tmp-se-youtube-deep-result-20260824	tsconfig.node.json	653	0	0	False
tmp-se-yt-dlp-20260824	.claude/settings.json	79	0	0	False
tmp-se-yt-dlp-20260824	.github/workflows/claude-code-review.yml	1433	0	0	False
tmp-se-yt-dlp-20260824	.github/workflows/claude.yml	1886	0	0	False
tmp-se-yt-dlp-20260824	.github/workflows/fetch-recipes.yml	1324	0	0	False
tmp-se-yt-dlp-20260824	.vscode/extensions.json	39	0	0	False
tmp-se-yt-dlp-20260824	CLAUDE.md	9657	0	0	False
tmp-se-yt-dlp-20260824	README.md	442	0	0	False
tmp-se-yt-dlp-20260824	index.html	364	0	0	False
tmp-se-yt-dlp-20260824	package-lock.json	68351	0	0	False
tmp-se-yt-dlp-20260824	package.json	675	0	0	False
tmp-se-yt-dlp-20260824	src/game/recipes.generated.json	3680	0	0	False
tmp-se-yt-dlp-20260824	src/videos/belt_mechanics.txt	12303	0	0	False
tmp-se-yt-dlp-20260824	tsconfig.app.json	454	0	0	False
tmp-se-yt-dlp-20260824	tsconfig.json	119	0	0	False
tmp-se-yt-dlp-20260824	tsconfig.node.json	653	0	0	False
tmp-se-yt-dlp-result-20260824	.claude/settings.json	79	0	0	False
tmp-se-yt-dlp-result-20260824	.github/workflows/claude-code-review.yml	1433	0	0	False
tmp-se-yt-dlp-result-20260824	.github/workflows/claude.yml	1886	0	0	False
tmp-se-yt-dlp-result-20260824	.github/workflows/fetch-recipes.yml	1324	0	0	False
tmp-se-yt-dlp-result-20260824	.vscode/extensions.json	39	0	0	False
tmp-se-yt-dlp-result-20260824	CLAUDE.md	9657	0	0	False
tmp-se-yt-dlp-result-20260824	README.md	442	0	0	False
tmp-se-yt-dlp-result-20260824	index.html	364	0	0	False
tmp-se-yt-dlp-result-20260824	package-lock.json	68351	0	0	False
tmp-se-yt-dlp-result-20260824	package.json	675	0	0	False
tmp-se-yt-dlp-result-20260824	src/game/recipes.generated.json	3680	0	0	False
tmp-se-yt-dlp-result-20260824	src/videos/belt_mechanics.txt	12303	0	0	False
tmp-se-yt-dlp-result-20260824	tmp-se-yt-dlp/SUMMARY.txt	84	0	0	True
tmp-se-yt-dlp-result-20260824	tmp-se-yt-dlp/leads.json	2	0	0	False
tmp-se-yt-dlp-result-20260824	tmp-se-yt-dlp/search-errors.json	2	0	0	True
tmp-se-yt-dlp-result-20260824	tsconfig.app.json	454	0	0	False
tmp-se-yt-dlp-result-20260824	tsconfig.json	119	0	0	False
tmp-se-yt-dlp-result-20260824	tsconfig.node.json	653	0	0	False
